pitcher,stuff_plus,location_plus,pitching_plus,n_pitches
pitcher_01108,99.9277,102.22285,107.19666763430095,13
pitcher_00456,103.97152,103.22752,105.80788356814662,220
pitcher_00402,103.29594,102.869316,105.5146188048279,101
pitcher_00212,113.18983,104.879265,105.49454644025195,95
pitcher_00648,101.62669,107.36439,105.3947393390634,29
pitcher_00543,109.48814,102.24594,104.95228667856311,24
pitcher_00097,101.75275,104.229675,104.56261974826178,12
pitcher_00506,101.10358,99.53305,104.49073347428556,29
pitcher_00655,118.30338,108.04513,104.14642175745378,3
pitcher_00817,110.00106,103.87694,104.11446206226785,10
pitcher_00306,108.75913,103.14504,104.11108319652057,62
pitcher_00857,100.20326,104.367,104.06144037839474,74
pitcher_01078,101.87561,101.48946,103.979711091695,327
pitcher_00228,98.07756,101.27459,103.92650959734907,22
pitcher_00599,104.162735,103.762436,103.89948551210951,121
pitcher_00174,104.86826,103.3246,103.8765569011266,649
pitcher_00567,96.636215,104.98522,103.83876252925832,12
pitcher_00432,103.718056,103.25619,103.80196879260082,15
pitcher_00529,101.75716,100.37608,103.78863737120616,785
pitcher_00263,103.71903,101.02038,103.73937241346502,104
pitcher_01120,103.16623,102.070496,103.70200279916689,486
pitcher_01058,101.36574,101.3516,103.62370869726776,775
pitcher_00933,99.11011,103.15247,103.60365727974302,13
pitcher_00064,103.82808,100.77207,103.59323368314344,197
pitcher_00579,97.49287,102.70369,103.58736071046219,19
pitcher_00875,101.61322,102.27725,103.54872632577285,621
pitcher_00626,104.481606,101.87592,103.47166172933356,641
pitcher_00036,98.65839,100.68008,103.42102895369794,529
pitcher_00608,102.343056,101.075195,103.34405045530502,182
pitcher_01103,108.851715,101.32688,103.33314498983735,727
pitcher_00353,97.70752,103.14812,103.31745814614528,9
pitcher_00111,98.7842,102.87204,103.2869785241544,17
pitcher_00465,103.579445,101.750984,103.27941986926905,1418
pitcher_00504,104.82805,100.76998,103.26656863703369,98
pitcher_00758,101.008896,101.920296,103.2190596318248,77
pitcher_00970,103.75732,100.51105,103.18161268474607,555
pitcher_00469,103.61932,101.8039,103.16548194449483,284
pitcher_00693,104.28454,101.88909,103.0960474891813,571
pitcher_00005,102.58359,102.31842,103.03497115105175,159
pitcher_00583,98.05758,100.737785,103.01362533347191,215
pitcher_00042,99.605385,100.172066,102.99502449733794,393
pitcher_00046,112.560905,101.72412,102.91733043758347,142
pitcher_00059,100.02542,102.0732,102.83949915194813,1260
pitcher_00615,101.94541,100.93141,102.83403229635303,39
pitcher_00553,97.04419,103.53845,102.82655610392936,304
pitcher_00876,103.260124,99.89578,102.75821863133496,1288
pitcher_01013,106.017265,100.6323,102.73265030888608,239
pitcher_00234,102.66126,101.46581,102.70584322932486,430
pitcher_01113,97.396355,100.59856,102.68998248891,595
pitcher_01099,102.37515,100.86538,102.6545697786669,657
pitcher_00788,98.003624,103.18735,102.64601654455,68
pitcher_00052,97.57049,100.970604,102.63952405252762,1132
pitcher_01037,99.09249,100.573296,102.61578695731542,1888
pitcher_00968,97.62116,102.33562,102.58352939788634,20
pitcher_00172,101.07192,101.916504,102.54673256396924,325
pitcher_00789,102.00192,101.701195,102.54300497355379,336
pitcher_00949,98.294205,100.403915,102.53363824417967,159
pitcher_00332,104.99977,100.37069,102.52122068008362,705
pitcher_00030,103.43624,101.1831,102.49805897994882,308
pitcher_00240,102.48343,100.29224,102.48305470222968,719
pitcher_00345,102.72,100.22747,102.48171510108915,1080
pitcher_00619,104.470795,101.28502,102.46275323147435,1464
pitcher_00905,102.105194,102.86253,102.45352442565117,1028
pitcher_01064,100.789375,101.01013,102.44503030849731,75
pitcher_00242,99.787994,102.632805,102.43558247351497,64
pitcher_00204,107.10532,100.369156,102.42417469846025,1003
pitcher_00772,99.767334,99.648895,102.40589578419613,326
pitcher_01118,105.35835,101.787964,102.39868963503234,388
pitcher_01075,104.06912,100.33143,102.37142809932413,761
pitcher_00878,101.88118,100.16613,102.3643948659397,613
pitcher_00539,98.49313,100.377335,102.35418815565396,1029
pitcher_00995,99.394035,100.73258,102.34900985494913,49
pitcher_00136,102.986664,102.96905,102.33166113049016,23
pitcher_00779,103.55724,101.01926,102.3191858973343,205
pitcher_00606,101.93055,100.37631,102.3133948525982,270
pitcher_00722,99.00807,100.19044,102.30918608899303,456
pitcher_00272,99.49774,100.33837,102.30669492090423,10
pitcher_00407,100.98036,101.92942,102.30458269509751,307
pitcher_00285,101.095764,102.04493,102.30268013351532,376
pitcher_00218,101.79973,102.20273,102.28607454683656,98
pitcher_00669,96.35041,101.8847,102.2411829331964,29
pitcher_00538,99.663185,102.21801,102.23694621079862,87
pitcher_00755,99.30302,100.2457,102.19711349673666,1690
pitcher_00926,105.94116,100.32152,102.18331756461797,128
pitcher_01050,102.582146,101.22169,102.15078323117528,1765
pitcher_01101,100.87175,101.807816,102.15064882880642,1199
pitcher_00300,107.715195,100.07677,102.14158766926326,256
pitcher_00443,99.65747,105.780106,102.13993491817523,16
pitcher_00255,98.87535,100.87676,102.08886209585106,1037
pitcher_00415,98.03581,101.76657,102.08871620040556,59
pitcher_00844,100.47226,100.28734,102.08640714153775,1825
pitcher_00588,99.321304,101.15498,102.06868192438782,1226
pitcher_00230,98.98337,101.40266,102.06300514105975,155
pitcher_00093,101.841805,101.11229,102.04750463950157,416
pitcher_00850,104.55801,100.583694,102.0456008342444,1197
pitcher_00471,100.59548,104.49831,102.03415070268096,30
pitcher_00197,99.92681,100.922066,102.02939493819481,202
pitcher_00024,99.66399,101.57083,102.02753926887978,226
pitcher_00346,98.77477,101.57565,102.01871585506146,344
pitcher_00830,101.46472,100.741745,102.01799698734882,3577
pitcher_00295,101.23557,101.61801,102.001772362274,570
pitcher_00393,105.44438,100.233955,101.99693213111414,300
pitcher_00638,100.22425,102.29439,101.98790369436374,717
pitcher_00510,98.75153,100.25267,101.9858229515408,682
pitcher_00455,101.02183,100.74207,101.9811379575035,348
pitcher_00390,99.72069,100.52144,101.974398899886,629
pitcher_01132,97.41148,101.35315,101.97338371676125,350
pitcher_00146,101.14664,100.68764,101.95449609892965,429
pitcher_00355,102.26747,100.77559,101.95445720095844,568
pitcher_00227,98.64398,100.09554,101.92734930362252,1638
pitcher_00742,102.17391,101.49594,101.9191853563708,1205
pitcher_00265,101.68983,100.73957,101.91187908028819,115
pitcher_00006,102.10568,100.70525,101.90804829891168,54
pitcher_00562,102.91786,102.18509,101.90611116809382,1412
pitcher_00033,96.63067,99.907684,101.90040600032485,94
pitcher_00449,102.93686,101.4281,101.89240107316434,1098
pitcher_00578,102.87909,101.74795,101.8749869961586,788
pitcher_00592,100.31646,101.64399,101.8678839601337,120
pitcher_00802,101.6105,101.28562,101.85698117692381,820
pitcher_00210,102.03693,100.93047,101.85628741232756,209
pitcher_00475,101.865524,101.98879,101.83310043818594,706
pitcher_00508,99.70113,100.59771,101.82269422924627,849
pitcher_00609,102.83842,101.557556,101.81552123327306,452
pitcher_00895,103.19693,100.67425,101.81332633937494,1449
pitcher_00775,98.21757,100.24841,101.76468305955373,647
pitcher_00724,104.54478,101.535164,101.75887145320146,634
pitcher_00235,100.17009,100.86759,101.74596169793024,1186
pitcher_00961,100.7478,101.75553,101.73839454040247,26
pitcher_00555,98.84529,101.72898,101.72037538472837,1336
pitcher_00708,98.07262,101.33395,101.71309630002514,66
pitcher_00827,99.617966,102.12083,101.7048294712978,91
pitcher_00989,103.89833,99.63897,101.69362109823177,120
pitcher_00966,100.96726,102.65085,101.66463838801099,68
pitcher_00786,99.943695,100.69232,101.6294736587241,405
pitcher_00617,99.90705,99.673096,101.61840705637651,3293
pitcher_00909,107.06274,99.16759,101.59733860811178,72
pitcher_00685,103.22872,101.81946,101.58802477434156,334
pitcher_00043,106.81032,103.06716,101.56580680997834,21
pitcher_00686,99.769875,100.79416,101.56478434391221,930
pitcher_01063,100.58999,99.94968,101.56390252791118,1381
pitcher_00892,96.48435,100.26289,101.55869701083115,2360
pitcher_00108,101.87961,101.71169,101.55217455054549,366
pitcher_00422,101.87006,101.900024,101.53662527487083,1075
pitcher_00426,99.83861,99.9796,101.5335676449689,1558
pitcher_00566,100.93601,101.00428,101.51804248214283,1651
pitcher_00256,99.76368,100.54798,101.51617740746288,775
pitcher_00147,99.18469,103.22252,101.51047432900751,18
pitcher_00301,102.66021,100.39715,101.50874172901767,1130
pitcher_00001,102.434814,104.08516,101.50758107230136,13
pitcher_00026,97.50527,100.41723,101.50238275442057,2374
pitcher_00658,102.189896,101.67029,101.4908319301514,609
pitcher_00749,99.65157,101.52719,101.48884031562476,1812
pitcher_00280,99.63594,102.20627,101.48222494387225,1015
pitcher_00727,98.08651,99.86208,101.4805457344751,707
pitcher_00096,97.7359,101.219986,101.47616707291377,1696
pitcher_00719,101.36171,101.204735,101.47191994429215,121
pitcher_00533,99.81972,100.43539,101.46864440265303,2940
pitcher_01049,97.66267,100.137924,101.43950703506268,718
pitcher_00490,102.781296,104.08402,101.43862093267576,14
pitcher_00267,104.26319,100.15652,101.42804410802057,593
pitcher_00468,102.44402,100.2182,101.42177322396314,1097
pitcher_00385,101.322266,101.06245,101.42061047550301,15
pitcher_00695,103.687416,99.95007,101.41579636960836,347
pitcher_00303,100.40137,100.101715,101.41418225025042,2568
pitcher_01045,103.190315,100.6776,101.41396702233678,202
pitcher_00913,105.45153,101.533195,101.40500566109043,1122
pitcher_00836,102.23114,100.5771,101.40454376901032,398
pitcher_01087,106.3412,100.970345,101.40173784411962,533
pitcher_00145,97.994156,99.87906,101.39044164603791,434
pitcher_00261,98.07875,100.575424,101.38544129309341,557
pitcher_00718,98.43385,100.05391,101.37755722183192,821
pitcher_00812,96.26287,101.0248,101.36521302769782,642
pitcher_00858,99.77106,99.81721,101.36440588013022,307
pitcher_00315,100.0555,100.95258,101.36298376860815,986
pitcher_00666,99.47681,100.8794,101.35671285642962,3346
pitcher_00688,99.73348,100.30887,101.35315678186248,1755
pitcher_01067,97.2523,100.21102,101.34320331690651,2225
pitcher_00890,104.47501,100.93163,101.33895978794766,310
pitcher_00357,101.65174,102.96463,101.33831497564097,41
pitcher_00440,99.462524,101.25547,101.33695765630658,556
pitcher_00081,99.085304,101.12245,101.32178506064382,1623
pitcher_00330,99.68979,99.76146,101.31793339254607,715
pitcher_00525,96.183304,101.8884,101.31193054610152,22
pitcher_01033,100.947136,99.75044,101.30756917090649,1375
pitcher_00595,105.731674,100.96611,101.3027273262521,1191
pitcher_01065,100.43609,99.680244,101.28495198218413,597
pitcher_00207,102.53818,99.67992,101.27020836011548,220
pitcher_00497,100.2814,102.15319,101.25930666784272,199
pitcher_01128,99.83179,101.22061,101.25306038472546,190
pitcher_00115,101.15681,101.615036,101.24536697370938,1713
pitcher_01073,100.27354,100.26297,101.23812850702922,1274
pitcher_00248,98.635605,99.4623,101.2334710996031,825
pitcher_00079,102.29874,100.11686,101.22510932413671,578
pitcher_00485,101.35233,99.47793,101.22432233854279,48
pitcher_00535,97.951775,99.93204,101.22222437628197,301
pitcher_00902,104.21144,100.855064,101.22144767619214,1046
pitcher_01060,102.46358,100.485596,101.21646815277134,1522
pitcher_00271,105.928,100.5158,101.21005002306356,374
pitcher_00377,97.706276,100.389404,101.20679353526131,1144
pitcher_00880,99.04512,100.37303,101.20033579952452,307
pitcher_00613,102.03137,101.40382,101.19649219571171,12
pitcher_00956,105.11871,99.89964,101.18715933208966,2707
pitcher_00911,94.327484,98.86833,101.17246534106285,47
pitcher_00352,99.04328,99.42559,101.1670383631115,446
pitcher_00594,103.98194,100.405106,101.16530006705709,26
pitcher_00016,103.91366,100.32343,101.15946973713304,719
pitcher_00560,107.04665,98.87329,101.15287470812193,1058
pitcher_01025,102.04336,99.80607,101.15079937849639,323
pitcher_00298,100.22199,100.05634,101.13721357095689,479
pitcher_00080,99.13621,98.43652,101.13707309123915,416
pitcher_01089,98.3375,100.86264,101.13578938182704,122
pitcher_00189,100.783066,100.25326,101.13375795243776,265
pitcher_00198,102.997314,101.96537,101.13183245125514,2109
pitcher_00927,99.541046,101.70667,101.12734572086966,61
pitcher_00662,100.66291,99.89308,101.12537319538714,722
pitcher_00373,99.10531,100.52258,101.11386957663287,1254
pitcher_00721,101.25793,101.335754,101.11043560881589,1429
pitcher_01038,98.756355,99.42661,101.10564201298243,704
pitcher_00704,101.64403,101.74394,101.10265421315167,49
pitcher_00612,102.88044,100.11821,101.10222065740744,137
pitcher_00942,99.34952,99.476974,101.10190401448604,463
pitcher_00418,98.811035,100.815254,101.09569921834695,541
pitcher_00217,99.251236,100.667496,101.08940753533341,1210
pitcher_00696,95.17082,102.67331,101.0834555670517,23
pitcher_00365,98.434525,98.206894,101.07575709573598,203
pitcher_00814,97.833984,99.557884,101.07300209658077,882
pitcher_00170,98.61929,100.014626,101.06738036027507,931
pitcher_00884,100.87173,101.37441,101.05812230199763,353
pitcher_00086,104.28363,101.55222,101.04056221843439,42
pitcher_00420,102.21536,101.291756,101.04033829083427,384
pitcher_01119,105.70199,100.951675,101.03922434094008,39
pitcher_00674,99.70999,101.243324,101.03750931568739,326
pitcher_00412,99.55436,101.17854,101.03316651792618,112
pitcher_00947,100.6692,98.85016,101.02963417074022,18
pitcher_00557,100.479416,101.00533,101.01767353719983,1218
pitcher_00540,100.051094,101.46606,100.99733086382574,28
pitcher_00018,103.107315,101.005295,100.99299497938011,249
pitcher_00441,104.49529,101.549385,100.98131317051312,580
pitcher_00322,98.1482,100.921165,100.98035107112975,174
pitcher_00094,99.57921,102.0567,100.97403390995302,522
pitcher_00701,104.12177,99.88371,100.96785821538134,17
pitcher_00665,99.697876,100.184296,100.96582106215877,456
pitcher_00998,99.91837,99.607864,100.9657565924609,687
pitcher_00104,96.330574,100.711914,100.96449243079172,135
pitcher_00675,101.704895,99.75515,100.9624975338074,699
pitcher_00800,99.16545,100.789696,100.96229522646313,2374
pitcher_01102,102.28073,100.87621,100.95656476131447,620
pitcher_00274,100.98739,101.39583,100.94788365118536,1294
pitcher_00012,95.49128,103.79774,100.93912158114955,15
pitcher_00816,98.04824,101.67371,100.93732455304081,634
pitcher_00141,101.15447,101.43748,100.93445228716097,967
pitcher_00404,100.65725,100.52014,100.93168724266856,2295
pitcher_00186,100.2281,100.352585,100.92864005808681,2939
pitcher_00906,102.3906,99.91001,100.90412520705728,430
pitcher_00254,99.99487,99.51116,100.90167046323803,566
pitcher_00920,97.88369,100.38598,100.89455187906174,856
pitcher_00326,100.679726,99.69866,100.8917119367393,1697
pitcher_00946,99.00239,101.990776,100.88805796114092,227
pitcher_00202,105.50662,101.377655,100.88729643553718,138
pitcher_00118,106.18194,99.85777,100.88518391995092,178
pitcher_00289,100.483574,100.06278,100.87438451348599,2618
pitcher_00258,104.25388,101.70412,100.87072117926994,903
pitcher_00035,97.2492,100.5981,100.86418136873202,587
pitcher_00424,100.01584,100.883125,100.85940215175924,70
pitcher_00226,102.528015,100.17273,100.85749345525959,531
pitcher_01053,100.23033,100.00395,100.84498446112799,158
pitcher_00511,98.43698,98.96623,100.83851495606527,1241
pitcher_00074,99.36455,99.56044,100.82359402102043,1089
pitcher_00889,101.584465,101.697174,100.8216875833166,771
pitcher_00481,98.294464,99.17256,100.80811524417307,84
pitcher_00963,99.25969,100.40615,100.80806043501431,159
pitcher_00356,104.14433,99.24947,100.80554835101829,87
pitcher_00344,100.362335,100.49699,100.80405329511919,964
pitcher_01027,102.19311,100.513466,100.80352284034554,1374
pitcher_00124,104.29339,99.53029,100.8018182757259,205
pitcher_00744,100.08066,100.60503,100.80053191976243,68
pitcher_00734,98.59235,101.006256,100.79966884377467,840
pitcher_01028,99.61364,100.8477,100.7962746480731,1226
pitcher_00040,99.80082,99.72486,100.79566924602261,715
pitcher_00974,100.42,100.30825,100.78508612738243,1830
pitcher_01082,101.06255,100.98667,100.78257310890837,1209
pitcher_00054,104.31726,102.25774,100.77302415401718,1142
pitcher_00561,100.224144,98.819046,100.77214724199767,13
pitcher_00114,99.573524,99.69853,100.77014184292952,578
pitcher_00847,101.56948,99.92509,100.76793067448196,2324
pitcher_00866,101.329666,101.49193,100.75612536455223,1130
pitcher_00208,103.16444,100.68206,100.75177970439248,525
pitcher_00632,101.64482,100.88431,100.74797823730505,291
pitcher_00017,102.24699,100.91265,100.74575471452978,596
pitcher_00587,102.4328,101.29825,100.74226946446534,911
pitcher_00640,102.41916,104.82722,100.740932214354,17
pitcher_00841,98.45704,100.20081,100.73395727744297,3582
pitcher_00031,101.3789,99.06509,100.72371309784806,831
pitcher_00282,98.60243,100.31885,100.7144460760511,2075
pitcher_00311,100.65318,100.021164,100.71347554688784,363
pitcher_00939,98.08824,100.38158,100.70723961094245,350
pitcher_00142,103.99745,100.53477,100.69146837621089,60
pitcher_00703,101.76162,101.087234,100.6842773054252,628
pitcher_00754,108.02665,101.53636,100.68333165664022,718
pitcher_01110,107.93665,100.94261,100.68182980151217,1219
pitcher_00055,98.85106,100.439186,100.68044106274338,399
pitcher_01070,104.479195,101.03668,100.67771433517495,100
pitcher_00386,99.14014,99.88872,100.67657046122869,733
pitcher_00852,98.40506,100.55655,100.67272813813791,333
pitcher_00047,100.69248,101.02807,100.66966014088509,670
pitcher_00130,101.75709,98.79593,100.6662804653229,1313
pitcher_00957,102.514175,99.74743,100.64800961653822,439
pitcher_01093,101.24313,100.005104,100.64753599360522,537
pitcher_00979,103.89884,100.972855,100.64618558929992,426
pitcher_00438,102.08727,99.41508,100.64510119893316,183
pitcher_01056,101.64157,101.01951,100.6394806436751,202
pitcher_00541,99.227,100.73424,100.63652966015016,2300
pitcher_00199,100.68363,99.84428,100.61702474815277,769
pitcher_00078,99.0663,100.48106,100.61498679705245,354
pitcher_00318,99.38876,99.728615,100.59092060658593,305
pitcher_00571,102.83272,100.47182,100.57600208300015,320
pitcher_00340,98.79341,99.60017,100.57340084555594,1398
pitcher_00893,102.13988,100.54639,100.57098232534253,358
pitcher_00163,99.44738,100.68338,100.56835715358174,644
pitcher_00670,102.195175,100.00072,100.5658575144341,470
pitcher_00462,102.469025,99.6151,100.56298199333531,486
pitcher_00071,99.62551,100.359085,100.55683489422168,1254
pitcher_00874,99.43074,100.1965,100.55492085528621,457
pitcher_00478,100.54378,99.99677,100.55339717344599,1652
pitcher_00762,100.03049,97.52005,100.54862108930655,392
pitcher_00757,99.19411,101.48565,100.54853925116097,479
pitcher_00429,102.85052,100.57389,100.52771307898593,1438
pitcher_00144,99.92417,100.49628,100.52109120951194,1363
pitcher_00417,98.4302,100.42864,100.5205316864555,110
pitcher_00622,97.90194,100.88037,100.50328879996891,3486
pitcher_00598,100.65529,101.48125,100.50243506496318,600
pitcher_00697,98.28425,100.897354,100.501421009208,829
pitcher_00851,97.904175,101.343506,100.49970082032456,543
pitcher_00988,101.20254,99.71694,100.49815978259143,1381
pitcher_01020,101.432396,101.24447,100.49226147869375,1292
pitcher_00470,98.561195,100.13075,100.49130359666043,1512
pitcher_00771,98.55258,101.052826,100.48756775536525,284
pitcher_01094,104.17223,99.789894,100.48569940538061,233
pitcher_00576,98.878105,99.623436,100.47385546341567,708
pitcher_01040,98.48532,99.74287,100.46413656641523,1433
pitcher_01112,99.80966,99.77118,100.4536031514288,2036
pitcher_01035,102.02254,99.913635,100.44970747307529,607
pitcher_00288,100.85415,100.72266,100.44764947970333,1731
pitcher_00002,100.851265,100.217636,100.44529310215574,563
pitcher_00821,100.1461,100.63832,100.44224847521393,1361
pitcher_00151,99.36569,99.566765,100.44073176988766,505
pitcher_00642,101.225494,100.765236,100.42964396565709,485
pitcher_01032,99.135666,99.624245,100.42611832646178,1753
pitcher_00863,105.378624,100.734406,100.42598264204982,358
pitcher_00964,101.91176,100.20384,100.42458757695192,886
pitcher_01109,100.5914,99.3095,100.41854939775297,1847
pitcher_00972,98.96659,100.39393,100.41766913642446,776
pitcher_00993,100.83979,99.868034,100.41658867464477,569
pitcher_00925,97.143166,98.540344,100.41032763352318,336
pitcher_00021,102.28231,100.821075,100.40726735170747,539
pitcher_01127,101.58272,99.55162,100.40447872284868,1374
pitcher_00107,107.29468,100.81957,100.40210207997465,271
pitcher_00732,99.81635,100.773964,100.39719603501314,459
pitcher_00378,104.6599,99.68724,100.39627737751718,346
pitcher_00810,99.30875,99.40594,100.39485888336006,653
pitcher_00461,101.55818,100.50823,100.39234964935346,1816
pitcher_00427,99.91768,100.403465,100.3887731437737,647
pitcher_00091,97.98906,101.951706,100.38665394710814,241
pitcher_00489,103.4023,102.014885,100.37807018232913,308
pitcher_00106,98.443565,99.68306,100.37628323819743,1768
pitcher_01030,102.19195,100.8129,100.37615334939673,628
pitcher_00660,100.433784,100.708786,100.37462861613618,823
pitcher_00168,101.17629,99.182076,100.37207362639403,438
pitcher_00869,97.94999,98.462814,100.37093497285842,269
pitcher_00466,101.49996,100.708755,100.37009217026403,952
pitcher_00586,97.12093,100.10382,100.36993392632318,453
pitcher_00965,100.64067,99.916,100.36710745217421,721
pitcher_00591,98.83384,101.78696,100.36650543845539,36
pitcher_00241,101.85118,100.67397,100.36573208725815,215
pitcher_00657,101.67541,101.212845,100.36561496323444,403
pitcher_00765,97.40407,100.83257,100.36156918435071,412
pitcher_01015,103.76304,100.65939,100.35835400208194,214
pitcher_00548,99.42816,100.86829,100.35636813730538,542
pitcher_00304,98.188484,99.613655,100.34956922571523,446
pitcher_00388,99.37051,99.87894,100.34742672472737,457
pitcher_00451,101.7973,100.58353,100.3396181996633,1400
pitcher_00450,98.352005,100.84401,100.33413841814183,438
pitcher_00019,100.91239,99.84369,100.33333369279761,2651
pitcher_00907,101.17942,101.89931,100.32951786855612,126
pitcher_00222,102.243126,100.15018,100.3131837783379,529
pitcher_00206,106.73884,99.03681,100.31226709391478,131
pitcher_00039,102.41597,98.796875,100.310969467207,194
pitcher_00435,100.50961,97.10525,100.31086226922574,15
pitcher_00446,102.10773,98.66932,100.30717636452796,2004
pitcher_00275,92.90748,104.119385,100.2939845970537,3
pitcher_00244,99.16922,100.61853,100.29341469844893,1068
pitcher_00154,96.96383,98.39992,100.29298077086015,61
pitcher_00176,97.653145,99.995926,100.28733276980161,253
pitcher_00661,104.168755,98.23522,100.28227031140962,861
pitcher_00752,101.65212,100.27492,100.27798651494217,483
pitcher_00518,97.3146,101.819786,100.27587114239682,134
pitcher_00381,101.55008,100.60436,100.27564135178862,460
pitcher_00453,102.69567,101.615166,100.27332805418881,17
pitcher_01121,99.10773,102.98776,100.27000411411703,68
pitcher_00150,98.38729,99.09038,100.26885033086002,252
pitcher_01034,102.80307,100.04133,100.2624934118412,800
pitcher_00822,98.64721,100.29468,100.25753737744581,1364
pitcher_00155,95.36906,102.544464,100.25445171800943,44
pitcher_00659,102.0534,101.03003,100.25229598719268,524
pitcher_00169,97.88865,98.87386,100.25188865403649,571
pitcher_00901,107.045074,98.3513,100.2462686187626,378
pitcher_00778,97.81551,99.578735,100.24319713927599,2457
pitcher_00735,96.23685,108.20427,100.24182831670807,11
pitcher_00129,96.254295,102.016655,100.24089233949069,479
pitcher_00477,102.00514,99.855156,100.23707642370566,1233
pitcher_00618,98.010124,101.08698,100.23215524170558,75
pitcher_00413,96.838936,100.08465,100.22883938294632,634
pitcher_00793,102.28345,100.0559,100.22750408996882,387
pitcher_00294,98.41375,100.04222,100.20897217190486,1221
pitcher_00201,97.5491,99.53034,100.20794195616627,215
pitcher_00616,103.416794,100.59364,100.19839577103541,734
pitcher_00680,98.03456,101.153366,100.19632977289746,1321
pitcher_00148,96.85022,101.33171,100.18626093587588,60
pitcher_00717,99.34345,100.01074,100.18257167325507,1376
pitcher_00564,102.32063,101.04788,100.18203740719262,1039
pitcher_00766,99.04723,101.36992,100.17316794846548,286
pitcher_00498,99.34992,101.22325,100.16793199249436,291
pitcher_00343,103.24032,100.46031,100.15802420629947,1225
pitcher_00396,99.05543,99.2118,100.15228906762731,2128
pitcher_00780,105.93828,100.078224,100.15172523029864,282
pitcher_00083,101.823006,101.39761,100.1416867440788,683
pitcher_00948,99.341866,101.35835,100.14144648264684,891
pitcher_00840,103.73821,100.67353,100.14072953000655,690
pitcher_00764,97.64584,99.28446,100.13027364554378,890
pitcher_00167,100.57957,100.70123,100.12640145229028,494
pitcher_00546,97.34766,101.12097,100.12410373707868,156
pitcher_01072,100.78945,100.63491,100.12392439679991,1061
pitcher_00348,97.33438,99.28875,100.12284307151144,834
pitcher_00213,100.02213,98.63871,100.11912434795276,501
pitcher_00430,99.79637,99.57746,100.11612619264857,1191
pitcher_00082,100.69131,100.17891,100.11023110715568,184
pitcher_00977,98.34977,101.177666,100.10943474491917,265
pitcher_00806,95.80741,100.575775,100.10569913391447,36
pitcher_00269,99.08879,101.29233,100.10492469433949,1148
pitcher_00302,99.98088,99.6893,100.10432637838548,1264
pitcher_01006,99.74269,98.737526,100.10107193265023,419
pitcher_00629,99.38673,99.73147,100.09774305521715,458
pitcher_00922,99.59845,98.91601,100.09603396038352,196
pitcher_00746,97.78363,98.03029,100.09119935185446,314
pitcher_00112,100.57584,99.16794,100.09086539502785,299
pitcher_00536,104.01319,99.18166,100.09072571640107,180
pitcher_01114,97.39168,100.96541,100.08614575789339,2197
pitcher_00729,102.3685,98.624794,100.07904782194528,12
pitcher_00714,100.01918,100.20989,100.07884978032598,3013
pitcher_00196,103.49536,99.28295,100.06443566733871,472
pitcher_01014,98.666214,99.97123,100.06031117437652,1668
pitcher_00987,98.06851,101.54848,100.05992203534758,259
pitcher_00394,101.84473,99.37839,100.05836100105782,643
pitcher_00624,102.98777,99.7211,100.05774641066957,767
pitcher_00009,99.11164,100.70021,100.05334535377965,131
pitcher_00299,100.28475,100.996284,100.04977346078132,311
pitcher_00820,111.536514,103.30609,100.04945177494038,4
pitcher_00454,101.8256,102.13907,100.04907684227709,9
pitcher_00121,100.36705,99.891884,100.03193136403698,203
pitcher_00484,101.1491,100.79309,100.02508485070267,1090
pitcher_00342,103.42344,99.8002,100.02281469938762,1034
pitcher_00797,102.15411,99.94222,100.01890718200535,346
pitcher_00205,100.564514,99.82688,100.01789724563608,1613
pitcher_00563,100.045296,99.31789,100.01308722909307,653
pitcher_00178,99.51191,99.77379,100.01221456317658,2009
pitcher_00509,100.424065,100.64686,100.00659315359657,765
pitcher_00225,102.00901,99.344444,100.00652132294876,212
pitcher_00823,98.51284,100.28546,99.99547527587372,156
pitcher_00781,98.98151,99.186714,99.98819099757358,62
pitcher_00738,96.99436,100.66285,99.98447512689252,30
pitcher_01100,100.586464,98.98534,99.97379999203642,162
pitcher_00940,101.1214,98.78115,99.97183177277773,1376
pitcher_01071,101.61618,100.961006,99.96899662875698,542
pitcher_00309,100.24759,100.820694,99.96878162665398,696
pitcher_00479,99.77764,100.154274,99.96787832091564,251
pitcher_00928,100.74255,99.93153,99.96184396105978,256
pitcher_00877,96.57148,98.971985,99.9604218892422,355
pitcher_00967,99.80272,99.79304,99.96010159122535,1300
pitcher_00135,98.23194,101.185715,99.95590975337362,714
pitcher_00408,97.60423,97.709465,99.95162334074162,48
pitcher_00437,99.10616,100.68908,99.93672442370705,141
pitcher_00292,98.32668,99.816635,99.92736844886063,3430
pitcher_00918,100.34746,100.12328,99.92711064850816,278
pitcher_00191,98.15711,99.332214,99.92658418312068,2665
pitcher_00983,98.54746,100.080284,99.92626350826649,1003
pitcher_00232,99.39356,100.33768,99.92458049370595,301
pitcher_01074,96.71264,101.01658,99.91961532945417,274
pitcher_00224,99.30665,99.95695,99.91644458472682,1204
pitcher_00725,99.21137,101.42859,99.9156170083402,581
pitcher_00011,97.77263,100.25545,99.9138367053476,985
pitcher_00087,100.63448,99.491714,99.91378545498561,405
pitcher_00832,98.72764,100.06067,99.9126435021221,481
pitcher_00268,100.45917,100.962746,99.90992617705973,38
pitcher_00824,100.39623,100.72276,99.90744063780724,90
pitcher_00185,99.057556,100.17787,99.90577477915984,1162
pitcher_00794,105.47051,98.184105,99.90086287194738,420
pitcher_00502,101.60895,99.88138,99.89553667905471,297
pitcher_00545,101.79216,99.0589,99.89356542905499,179
pitcher_00813,97.490555,100.43551,99.8889426116664,250
pitcher_00524,96.60963,100.738144,99.88461788770576,238
pitcher_00958,98.894684,100.87224,99.8834934672487,1356
pitcher_00774,99.27703,99.8086,99.88275264066647,1065
pitcher_00603,99.66351,99.52187,99.87441752237038,199
pitcher_01126,95.24221,100.28044,99.87416419602356,130
pitcher_00573,99.665054,99.91897,99.87326125826955,705
pitcher_00975,100.48786,100.14032,99.8674588047351,34
pitcher_00873,98.43916,100.33679,99.86695540404722,328
pitcher_01008,98.48827,99.21678,99.86673007101977,369
pitcher_00516,102.31324,99.7885,99.86054103452308,2759
pitcher_00792,102.41239,100.669106,99.85750247836583,231
pitcher_00985,101.17408,101.30552,99.85300796577495,317
pitcher_00037,101.00425,99.88192,99.85300173473915,1452
pitcher_00602,98.32562,100.01437,99.83964739572599,760
pitcher_00259,102.79889,100.19262,99.83130109908255,305
pitcher_00838,105.061844,100.68806,99.82896838310032,10
pitcher_00581,98.95643,101.20215,99.82732013425273,1602
pitcher_00934,99.59575,100.73765,99.80828823276346,584
pitcher_00726,99.90881,101.05387,99.8081383101491,329
pitcher_00741,99.400665,100.49137,99.80326360197232,114
pitcher_00158,100.06012,99.69425,99.80060940470959,129
pitcher_00683,101.87921,99.794785,99.79767531503308,338
pitcher_00597,104.83182,100.70603,99.79504157189164,937
pitcher_00596,93.32169,99.86657,99.79283620629651,12
pitcher_00238,99.38425,100.560905,99.78673372194659,209
pitcher_00278,95.46639,98.486015,99.78509042930169,315
pitcher_00600,97.856125,100.97676,99.78505822275014,477
pitcher_00491,98.044556,102.69248,99.7829821160539,14
pitcher_00445,98.160515,101.60208,99.781091413654,1221
pitcher_00723,101.2895,99.69411,99.78061535486154,3068
pitcher_00679,98.50647,100.10625,99.77862099678026,383
pitcher_00699,102.84552,99.71114,99.77586242760364,683
pitcher_00020,99.06408,99.480835,99.77247898365154,2346
pitcher_00952,104.82489,99.39428,99.77242270240218,970
pitcher_00720,95.79045,99.68156,99.76079162323998,204
pitcher_01106,100.99099,101.52859,99.7578145831092,39
pitcher_00584,102.19282,100.300224,99.75594804246666,518
pitcher_00705,102.01357,99.445465,99.7558105383428,2719
pitcher_00733,99.02876,107.064255,99.7372941476304,19
pitcher_01009,97.456375,100.66978,99.7276925850053,19
pitcher_00633,102.0578,99.01649,99.72731691682647,287
pitcher_00160,98.32536,99.77656,99.72675794954661,802
pitcher_01016,101.566345,99.70839,99.72580529002752,168
pitcher_00370,98.9616,100.33614,99.72073538049749,3036
pitcher_00811,98.69297,99.995346,99.71831352460352,874
pitcher_01011,100.500145,101.14107,99.71739492885474,291
pitcher_00647,102.07218,99.69562,99.71584741075031,606
pitcher_00547,100.66131,100.06595,99.71273742472435,1463
pitcher_01018,101.79602,99.61751,99.71205756817591,1110
pitcher_00362,97.116035,99.58299,99.70971916690442,583
pitcher_00807,99.541534,99.35355,99.70898111559961,1454
pitcher_00193,99.56344,100.65213,99.7085030473783,1051
pitcher_00818,100.8958,99.740944,99.7081235449548,729
pitcher_00641,98.912735,101.674866,99.69365167560025,85
pitcher_00138,101.77426,100.3586,99.69009288974348,706
pitcher_00317,99.09405,98.27145,99.68664533207598,238
pitcher_00969,100.44793,99.13812,99.68479552710104,458
pitcher_00194,99.82684,99.07868,99.68443732900208,418
pitcher_00464,97.61418,100.565094,99.67631701601816,2545
pitcher_00361,98.54815,100.0035,99.67513350103326,1230
pitcher_00221,99.924385,99.58957,99.66537163060433,510
pitcher_00971,96.65569,99.921455,99.66249891297134,354
pitcher_01044,100.756615,100.63191,99.65374844765935,701
pitcher_00448,99.11645,100.21245,99.65172945432671,1002
pitcher_00750,101.74639,99.733284,99.65121152171935,135
pitcher_00544,96.06952,100.97927,99.65055804450272,397
pitcher_00483,100.13528,100.57188,99.64985007461507,973
pitcher_01076,105.1143,99.030334,99.64393815850805,982
pitcher_00175,100.51305,98.21794,99.63807075562204,908
pitcher_00281,100.92098,100.26568,99.63373566675133,435
pitcher_01017,99.43165,100.51104,99.63003754943391,680
pitcher_00521,92.140205,101.03925,99.62684590623523,19
pitcher_01021,107.13519,100.10412,99.62180606798113,84
pitcher_01003,99.24775,100.54685,99.62063093960668,1208
pitcher_00056,100.22864,99.18344,99.62057723617268,629
pitcher_00460,102.72633,97.73546,99.60727159683418,112
pitcher_00421,104.26969,100.65046,99.60691272947268,9
pitcher_01084,101.07946,100.06634,99.60364967087823,496
pitcher_00512,94.54345,99.905136,99.6006919181504,43
pitcher_00328,99.15312,100.86083,99.59645702258548,80
pitcher_00751,99.10628,100.61986,99.59510060231388,2177
pitcher_00643,110.4725,100.5549,99.59039446822351,694
pitcher_01085,97.85633,99.40672,99.58021764871124,534
pitcher_00053,100.59045,98.42909,99.57583194722193,590
pitcher_00712,98.09139,98.17991,99.5706268989238,284
pitcher_00075,96.22087,100.49394,99.56289233172713,223
pitcher_00220,101.18866,99.29691,99.56023540745873,166
pitcher_00805,100.68263,98.92591,99.55940207275582,116
pitcher_00085,96.38456,100.19712,99.54935438797983,61
pitcher_00649,98.82664,100.19202,99.54832687977401,1058
pitcher_00312,102.48621,99.52765,99.53594020316297,84
pitcher_01125,97.70293,99.43842,99.5259012297385,426
pitcher_01039,99.0501,99.5186,99.52277847707971,1807
pitcher_00319,98.42868,99.681885,99.52012793494681,2024
pitcher_01122,101.17181,99.72868,99.51770766597141,581
pitcher_00431,97.11652,100.4374,99.5147905546051,761
pitcher_01086,97.3791,99.09668,99.50855864585006,23
pitcher_00389,100.98073,100.20724,99.48433187272748,1238
pitcher_00338,100.668015,99.66405,99.48291768170961,2468
pitcher_00411,97.43531,101.6386,99.48168933498194,65
pitcher_00119,102.26565,99.3774,99.48109185155329,335
pitcher_00439,98.17262,100.07475,99.47863427802463,519
pitcher_00473,101.36682,100.79761,99.4677417813219,209
pitcher_00605,99.512726,99.98986,99.46686192904521,1184
pitcher_00088,101.49809,100.43636,99.46426143673386,727
pitcher_00829,97.75151,99.72632,99.46312675459113,494
pitcher_00904,99.58781,100.330864,99.46275112986558,2519
pitcher_00279,102.373505,98.50278,99.4559922530003,258
pitcher_00728,99.42103,100.40635,99.4541355555518,1176
pitcher_00358,102.62762,97.827484,99.45400986500286,245
pitcher_00125,100.055786,100.824844,99.44033847817143,1347
pitcher_00951,97.485596,99.968864,99.43865759892977,159
pitcher_00997,102.000046,98.73679,99.4382120734685,485
pitcher_00333,98.273964,100.48775,99.42974259672019,213
pitcher_00436,98.84374,99.57111,99.42676076226003,1012
pitcher_00976,97.23638,98.11412,99.42336142766,779
pitcher_00331,100.51991,101.100136,99.4215077573658,1153
pitcher_00790,100.855896,99.4204,99.42078278320348,790
pitcher_00621,96.58085,100.399734,99.41468427175566,82
pitcher_00131,98.28373,102.44276,99.41400409923885,37
pitcher_00076,96.61819,97.901634,99.41213614149173,619
pitcher_00482,103.411835,100.58265,99.39281992564668,337
pitcher_00058,102.75784,99.27175,99.39238257085174,623
pitcher_00117,96.214005,98.224304,99.39237968330187,2
pitcher_00069,100.53504,100.65455,99.38863976024362,1443
pitcher_00955,101.65663,99.741875,99.3868904262605,775
pitcher_00049,102.3545,99.57381,99.37949393911398,342
pitcher_00099,98.55673,100.73758,99.37618636279801,603
pitcher_00935,98.76913,98.35399,99.37440104880635,414
pitcher_00799,104.657234,99.50933,99.374386251154,223
pitcher_00297,107.18424,99.2228,99.37182182863685,357
pitcher_00924,98.095474,100.36924,99.36955674709974,1289
pitcher_00171,98.77316,98.45784,99.36614774132968,160
pitcher_00376,100.04816,99.20824,99.35128903139046,440
pitcher_00759,99.965126,100.09198,99.35087997033536,774
pitcher_01004,99.22389,99.034164,99.3495819192748,1209
pitcher_00102,102.359024,98.0414,99.34951149595668,53
pitcher_00663,97.92124,101.18126,99.34936319376428,809
pitcher_00474,99.78719,100.282394,99.34722813405469,395
pitcher_00008,100.643105,99.33293,99.34104404004749,71
pitcher_00872,100.70561,99.976456,99.33526990474311,73
pitcher_00763,101.02306,98.67301,99.33327225311358,35
pitcher_01036,101.22158,98.209915,99.33145984068308,441
pitcher_00767,99.37804,100.45567,99.32655945905061,2300
pitcher_00937,97.35953,99.994774,99.3240186707591,265
pitcher_00559,100.98083,99.7325,99.31961238135295,1027
pitcher_00791,104.32142,99.79569,99.31448135319089,383
pitcher_00246,100.588875,99.078735,99.31137710731169,1023
pitcher_00492,95.75725,97.80634,99.30890790242397,34
pitcher_01092,99.98472,98.57139,99.30705641181568,1673
pitcher_00915,98.62784,100.36108,99.30144662170233,277
pitcher_00530,98.878685,98.57569,99.29978762732351,859
pitcher_00682,101.28441,100.709755,99.29303604372589,1718
pitcher_00848,100.64862,99.91612,99.28821359538989,751
pitcher_00982,95.01328,97.86785,99.28778581633239,104
pitcher_01111,96.113785,96.35456,99.28765551373634,48
pitcher_00631,95.91595,98.3361,99.2872113706924,67
pitcher_00885,101.30128,100.47047,99.28649732898323,273
pitcher_00260,99.64476,99.713165,99.28250327774364,1818
pitcher_00098,100.672874,98.305244,99.27849912887746,169
pitcher_00768,115.74489,99.13218,99.2779151765851,134
pitcher_00179,97.16926,100.29961,99.27708340615456,32
pitcher_00756,99.82726,100.326126,99.27578956891176,1248
pitcher_00500,96.73249,101.08409,99.2754969257035,2262
pitcher_01069,98.24631,99.0245,99.27527192341981,1037
pitcher_00646,97.94314,100.41206,99.27315633713798,1291
pitcher_00266,99.2642,100.27949,99.2729699952728,132
pitcher_00287,104.35932,100.919365,99.27193800932845,43
pitcher_00496,98.3979,99.11657,99.27076943490917,54
pitcher_00231,96.09138,97.22085,99.25915565197967,55
pitcher_00123,100.77195,100.04138,99.25655823966096,777
pitcher_00845,98.50757,100.27746,99.25471878829242,918
pitcher_00625,100.999825,99.90684,99.25346517910245,769
pitcher_00673,99.44139,98.44028,99.25196827836545,109
pitcher_00747,99.238594,100.135925,99.25078044578476,668
pitcher_00367,97.38557,98.58747,99.24978049481396,28
pitcher_00382,100.63555,100.43209,99.23420384556064,529
pitcher_00291,97.463486,100.3242,99.23107491164563,206
pitcher_00050,100.73856,99.55956,99.2300139103687,119
pitcher_00896,101.54435,99.94428,99.22035336856591,13
pitcher_00938,99.71829,99.26885,99.22000304931089,4222
pitcher_01080,97.954254,99.34139,99.2033806993533,1148
pitcher_00828,105.14713,97.83166,99.19548018899168,81
pitcher_00843,95.07867,101.69842,99.19184114764072,25
pitcher_00692,95.74365,97.19958,99.191567441843,162
pitcher_01134,99.36105,99.71784,99.17895317157075,1933
pitcher_00507,98.61573,99.674774,99.17269506778284,384
pitcher_00856,102.332596,99.392105,99.15980355017597,295
pitcher_00523,97.46376,99.6656,99.14994743051952,1872
pitcher_00681,97.41737,100.501564,99.14577825777766,691
pitcher_00803,100.76107,98.98835,99.13728957520625,171
pitcher_00569,98.06385,98.41026,99.1273366723122,743
pitcher_00100,97.93422,100.1545,99.12444299842137,516
pitcher_00623,100.53099,98.8212,99.11786099761062,594
pitcher_00128,98.24435,100.77016,99.11245337700181,492
pitcher_01043,98.618835,99.92922,99.11114451975524,892
pitcher_00027,103.32927,97.46112,99.1045734010595,143
pitcher_00936,97.27728,99.05078,99.09681249715082,195
pitcher_00133,98.84305,101.163414,99.09595334977831,321
pitcher_00604,99.766556,100.082085,99.08537354994859,1410
pitcher_00314,98.96958,100.307594,99.07849533175582,73
pitcher_00184,96.69608,100.16433,99.07398435228464,109
pitcher_01046,96.46168,99.655815,99.07077554597531,353
pitcher_00549,97.54515,99.30598,99.06779688231532,62
pitcher_00181,92.882484,99.853836,99.06343452519904,17
pitcher_00139,99.354355,98.93374,99.06339902870067,1288
pitcher_00990,97.02405,99.32139,99.06001589996788,536
pitcher_00458,96.76722,99.3293,99.05722418218252,699
pitcher_00678,98.526985,99.51967,99.0557573701451,593
pitcher_00910,97.893875,99.99687,99.05281018424716,278
pitcher_00252,97.09733,99.95261,99.04567913216245,2096
pitcher_00711,98.215164,100.59012,99.04522892732358,304
pitcher_00986,100.5436,98.81065,99.04090411371061,1355
pitcher_00795,100.08686,99.273674,99.0389935106763,286
pitcher_00577,100.97175,99.63616,99.036050538725,569
pitcher_00214,97.12651,98.77122,99.02874903897104,49
pitcher_00122,98.818405,99.40802,98.99505474477024,597
pitcher_00819,98.25905,99.956696,98.97583597815839,2330
pitcher_00127,98.39449,99.84827,98.96197543214038,1060
pitcher_00195,98.35853,99.54647,98.94385432346478,475
pitcher_00165,100.41343,98.93405,98.9413600046752,588
pitcher_00849,103.42954,98.727196,98.93795538572273,502
pitcher_00132,97.44106,99.06383,98.92803343121638,787
pitcher_00286,99.72882,100.30125,98.92585364244708,177
pitcher_00095,103.17904,101.60287,98.9178212529889,29
pitcher_01117,100.34128,98.60384,98.91454609406831,989
pitcher_00157,97.69307,100.22099,98.91411988276542,1921
pitcher_00324,98.78279,99.70216,98.91078136915702,774
pitcher_00782,98.27378,99.23942,98.91056397065657,539
pitcher_00387,97.22128,98.72462,98.89373220595888,357
pitcher_00090,95.136505,100.14323,98.89059928290995,326
pitcher_00192,99.975266,103.950745,98.88033511496681,34
pitcher_00809,98.27739,99.89583,98.87381399129248,33
pitcher_00183,99.23382,99.69729,98.87294956156728,464
pitcher_00796,97.68531,98.851974,98.85966975747303,177
pitcher_00736,99.28824,99.20065,98.85940967727404,952
pitcher_00467,100.75784,100.54261,98.8550447314638,946
pitcher_01107,103.91583,97.5381,98.84503587937292,208
pitcher_00051,98.46609,100.763885,98.84256575368795,37
pitcher_01019,99.75313,99.67546,98.83150171566128,1350
pitcher_00565,96.39753,100.56911,98.83066125201191,615
pitcher_00664,97.47905,100.129585,98.83039413984864,536
pitcher_00853,98.12193,99.64579,98.82989483135168,773
pitcher_00528,98.76071,99.44575,98.82567802645299,446
pitcher_00110,95.930664,100.15541,98.82267796465615,253
pitcher_00010,98.81296,98.73893,98.82227995790291,811
pitcher_00517,100.532234,99.642876,98.81706068559535,810
pitcher_01002,96.104195,99.17537,98.8155915442228,142
pitcher_01066,100.27687,100.62802,98.8132699330527,549
pitcher_00401,101.2049,98.853584,98.80924266932925,2112
pitcher_00116,98.48994,98.77222,98.805671149202,68
pitcher_00855,97.20125,99.79378,98.80107866019411,306
pitcher_00374,96.497185,99.67624,98.79824741573674,557
pitcher_00542,97.906685,99.16161,98.7977795402407,890
pitcher_00384,98.16882,98.920784,98.79580259079414,135
pitcher_00923,99.32658,100.350075,98.79194390360982,186
pitcher_00981,98.52342,100.67017,98.78940123188669,370
pitcher_00808,100.62552,98.230316,98.78167139410863,17
pitcher_00531,99.23368,98.97904,98.77919533491088,215
pitcher_00943,98.50856,99.162346,98.77846776321665,636
pitcher_01105,97.58703,98.86466,98.776465314222,582
pitcher_00149,97.6219,99.81281,98.77346143161378,69
pitcher_01023,100.66085,98.553154,98.77286876581648,1658
pitcher_00494,98.63702,99.82086,98.77174293803373,322
pitcher_00996,97.53967,100.72128,98.76401636209452,33
pitcher_01091,95.827354,99.77009,98.75932340589644,245
pitcher_01000,97.7058,99.905365,98.75906273151617,1952
pitcher_00103,98.22059,100.03215,98.7577595724869,2596
pitcher_01079,99.94732,101.99707,98.75636094494084,7
pitcher_01062,96.576706,98.60146,98.75575035737124,16
pitcher_01051,96.848564,100.632416,98.75373213004492,632
pitcher_00236,99.75504,99.228516,98.75233045135047,2582
pitcher_00684,100.64821,99.35502,98.75096116863351,424
pitcher_00826,101.522125,98.3745,98.74126788923473,121
pitcher_00513,99.152145,100.0737,98.73612544127727,129
pitcher_00190,103.49531,99.62957,98.72984209895145,862
pitcher_00410,99.60567,99.75756,98.71950810005957,681
pitcher_00277,97.88561,99.81805,98.71692301721701,1152
pitcher_00737,98.41562,99.06378,98.71643107540604,1991
pitcher_00526,97.69147,98.10857,98.71464195150114,69
pitcher_00503,97.228294,100.28688,98.71443569897174,723
pitcher_00698,98.368935,95.82103,98.70604087124998,63
pitcher_00177,99.027824,99.62277,98.6985721369592,356
pitcher_00716,98.20365,98.000916,98.69788820088445,307
pitcher_00180,98.55757,99.40451,98.69711012713033,994
pitcher_00101,98.45152,99.95258,98.67995433693186,217
pitcher_00057,99.574036,99.32936,98.67841808792403,555
pitcher_00363,99.38309,102.81253,98.65560774374553,76
pitcher_00359,96.84056,98.54064,98.65182077506323,807
pitcher_00237,95.703064,98.922005,98.64159945127061,60
pitcher_00262,99.20324,99.16872,98.62982739165824,1916
pitcher_00070,96.98875,99.833336,98.62230107902528,175
pitcher_00903,99.36812,98.90274,98.62124180935437,2518
pitcher_01129,100.489204,99.702805,98.61851640676879,659
pitcher_00211,100.30749,99.71036,98.61844188493163,1056
pitcher_00834,99.55836,99.44548,98.61298826096146,1827
pitcher_00570,102.24033,101.404625,98.60937385463524,18
pitcher_00593,96.81564,99.23034,98.59950545765514,21
pitcher_00932,95.902435,99.49751,98.59839612205346,3079
pitcher_01098,99.04029,98.951004,98.59708247828505,721
pitcher_00514,99.01483,98.789055,98.58998851021789,1669
pitcher_00610,97.34909,98.71895,98.568833415046,666
pitcher_00397,97.87018,98.44616,98.56790530869577,308
pitcher_01097,100.18013,99.080826,98.56473152584337,194
pitcher_00860,101.26236,99.61767,98.56231943703553,233
pitcher_00748,97.77205,99.09253,98.55728180280111,796
pitcher_00999,97.77091,99.94123,98.5550621053888,660
pitcher_00495,96.53959,99.602325,98.55271630383491,1062
pitcher_00476,104.671135,99.70559,98.54590936823126,65
pitcher_00554,99.33944,99.23115,98.54176034053255,289
pitcher_00392,97.6817,98.745094,98.5383669381958,191
pitcher_00354,95.86743,99.703896,98.5367034252869,32
pitcher_00519,99.53725,99.55629,98.53307925190454,3024
pitcher_00423,97.18078,102.18055,98.5291944672521,35
pitcher_00702,100.64,99.05446,98.52891209674328,1687
pitcher_00316,95.09601,97.70393,98.51895041550395,531
pitcher_01012,98.98685,97.92982,98.51425872578028,796
pitcher_00379,100.29863,100.25869,98.5102220169485,666
pitcher_00209,99.11647,99.79515,98.50767621750208,719
pitcher_00550,97.40878,100.3827,98.49581519470841,135
pitcher_00250,101.059265,99.09556,98.49446495324513,2093
pitcher_00334,99.77799,98.435165,98.48850156458974,984
pitcher_00919,96.681526,98.85833,98.48580480549563,232
pitcher_00215,99.33729,99.06541,98.48088147789225,379
pitcher_01022,96.87368,99.918076,98.47942617050032,297
pitcher_00134,98.28876,98.64472,98.47132919695797,651
pitcher_00634,97.30075,100.166626,98.45201364946033,592
pitcher_00395,101.251724,99.2948,98.43658389796222,651
pitcher_00025,95.34633,100.3714,98.43619984407698,32
pitcher_00499,100.92886,100.09871,98.42672680794189,23
pitcher_00048,99.986664,98.8118,98.40992942298246,1006
pitcher_00327,98.23079,98.81811,98.40276285466221,803
pitcher_01090,100.38978,98.44171,98.4018721386567,211
pitcher_00351,95.61563,96.76002,98.39687482576427,38
pitcher_00798,96.09244,100.5735,98.38808867127266,86
pitcher_00457,96.373955,99.695175,98.38024751018261,2130
pitcher_00219,99.36175,99.648636,98.38016821860609,1275
pitcher_00452,99.731514,99.00518,98.37978893868409,152
pitcher_00428,100.62326,98.84386,98.36700068262506,545
pitcher_00164,98.02681,98.585915,98.35438494840571,919
pitcher_00162,97.36779,98.724075,98.35407486043076,474
pitcher_00991,103.36739,99.22739,98.33439176559024,417
pitcher_00200,96.75864,98.800644,98.3310175312663,778
pitcher_00953,98.844604,99.446655,98.31536850152895,541
pitcher_00644,96.5397,98.926476,98.30815015566998,64
pitcher_00636,98.05028,98.84333,98.30806423062077,1413
pitcher_00166,97.02767,98.75593,98.30741362369133,1922
pitcher_00004,95.94501,99.973625,98.30567736584167,90
pitcher_00773,100.44476,99.5298,98.30471929176647,262
pitcher_00063,99.69167,99.02053,98.29975809243736,129
pitcher_00898,96.389626,97.96471,98.29761473023864,80
pitcher_00243,98.24832,99.13923,98.29557976837225,761
pitcher_00126,97.91834,99.07097,98.28778238248691,247
pitcher_00041,98.988525,99.52657,98.28585707369298,887
pitcher_00894,106.59001,99.84465,98.28336603636427,245
pitcher_00007,101.700806,98.81195,98.27981334764776,12
pitcher_00959,98.82258,98.63768,98.27166972935451,116
pitcher_00159,97.80704,99.568665,98.2710385131473,141
pitcher_00891,98.312386,101.036316,98.2652769271316,85
pitcher_00383,101.54247,98.10604,98.26253882935504,271
pitcher_00534,97.361755,100.65647,98.25070573224095,528
pitcher_00787,98.48616,97.52879,98.23874330778204,422
pitcher_00653,98.11935,98.99863,98.23539722953515,416
pitcher_00434,95.22524,101.3186,98.22514735533164,35
pitcher_00620,97.523,99.377365,98.21962373721249,373
pitcher_00886,95.47603,98.66969,98.2195426810556,67
pitcher_01133,106.92408,100.6578,98.19153137782426,813
pitcher_00068,100.580154,98.343185,98.18913708413102,106
pitcher_00463,94.116806,112.06338,98.17758046010657,1
pitcher_00753,100.28876,98.58224,98.17639196596119,912
pitcher_00416,97.63401,99.29683,98.17130576324743,450
pitcher_00700,100.9315,99.16657,98.17129468053459,84
pitcher_01104,99.70459,99.43149,98.15382434224841,829
pitcher_00760,99.68745,98.24626,98.15355394763901,111
pitcher_00978,97.84592,98.451744,98.15352943605035,290
pitcher_00067,98.42931,99.39872,98.15187583884689,559
pitcher_00954,98.777176,99.35863,98.15171439670404,1615
pitcher_00425,102.49946,96.60145,98.15078318229351,31
pitcher_00784,97.03819,97.552155,98.13679660491663,18
pitcher_00349,99.00068,100.590836,98.12788291385026,83
pitcher_00105,104.43418,99.486015,98.10880655135067,65
pitcher_00398,99.19712,99.26571,98.08414337701895,746
pitcher_00173,100.17763,98.50373,98.07987361273359,36
pitcher_00156,97.45566,98.30526,98.06386170315888,197
pitcher_00113,96.998184,99.771935,98.04672825248137,48
pitcher_00839,102.28553,98.03267,98.02535972889233,41
pitcher_00143,95.12021,99.0699,98.01770936676462,245
pitcher_00403,98.95453,99.11655,98.01540503297694,1575
pitcher_00188,100.71599,98.76399,98.00462581454062,454
pitcher_00247,97.12426,98.83126,98.00253633065623,266
pitcher_00785,96.542984,99.519165,97.9908901490477,666
pitcher_00229,100.50688,98.418816,97.99079629337727,432
pitcher_00065,99.11025,99.93336,97.98586339366574,247
pitcher_00337,96.50839,99.59323,97.97616208434621,279
pitcher_01130,98.61685,98.94475,97.95278154949445,830
pitcher_00776,101.35086,100.79198,97.94614431885088,1592
pitcher_00023,101.31758,98.11945,97.94192050013476,148
pitcher_01057,97.0846,99.68655,97.9400406281296,88
pitcher_00854,108.79149,101.404724,97.9305027805333,17
pitcher_00182,105.09854,99.88454,97.92795149783636,559
pitcher_01001,97.971436,99.55125,97.92424581658864,983
pitcher_00092,96.07923,97.91393,97.9130210966729,10
pitcher_00654,95.3357,98.44066,97.90782333967448,57
pitcher_00038,97.203606,98.47822,97.88329926027842,350
pitcher_01031,102.58986,98.46358,97.88084601056106,361
pitcher_00601,97.30674,98.541916,97.86971189077646,700
pitcher_00689,99.45616,97.60264,97.86738648476191,71
pitcher_00777,97.06943,98.077324,97.86495410991131,269
pitcher_00710,96.164925,98.92916,97.86442504202886,431
pitcher_00233,103.78755,99.27666,97.85616827238773,770
pitcher_00270,97.383415,98.7547,97.85222806663319,733
pitcher_00862,97.53078,98.62933,97.84779636014542,174
pitcher_00161,99.305145,100.17959,97.80885883361097,991
pitcher_01068,100.56986,98.456024,97.80300174746117,289
pitcher_00637,100.65124,97.56808,97.80157776646905,143
pitcher_00409,101.31384,97.98528,97.79888089265471,72
pitcher_00825,98.691055,98.83203,97.77957353635368,110
pitcher_00380,96.2928,99.72301,97.76987901633052,540
pitcher_00472,94.51661,99.386475,97.76838510649556,30
pitcher_01088,104.9407,98.00966,97.76648763579573,180
pitcher_00730,101.66369,97.97038,97.75944726351857,246
pitcher_00671,96.98002,99.01385,97.73079456030163,100
pitcher_00900,97.99138,97.72917,97.70924322972904,31
pitcher_00223,99.58685,96.53431,97.70669322174079,13
pitcher_00532,98.23675,96.781334,97.68989174927013,19
pitcher_00537,97.04567,99.13512,97.67991205794237,460
pitcher_00585,101.24105,99.74698,97.6735465659041,15
pitcher_00842,97.23311,99.10353,97.66904105814956,774
pitcher_00630,94.324265,97.76797,97.66765293458279,19
pitcher_00770,96.776245,99.52295,97.66399442761865,691
pitcher_01083,97.636955,98.59879,97.66226615046467,139
pitcher_00329,96.75683,97.78191,97.65138597707822,229
pitcher_00882,97.73461,98.92084,97.62307903158131,357
pitcher_00574,99.77275,98.60802,97.60828172389463,232
pitcher_00590,100.04243,99.23921,97.60404975905638,61
pitcher_00992,96.76851,96.25424,97.5923793174477,111
pitcher_00187,96.83596,99.055275,97.58331587590725,173
pitcher_00293,100.27214,99.22718,97.55702699342037,234
pitcher_00283,99.69149,95.80183,97.54957229516023,25
pitcher_00690,97.179634,100.953964,97.53023182894657,314
pitcher_00029,101.410164,97.16415,97.5040235328831,108
pitcher_00582,98.40265,99.11388,97.49978906780738,64
pitcher_00769,98.75595,97.18609,97.4971214986116,163
pitcher_00589,97.81624,99.09023,97.49144585306632,238
pitcher_00305,92.02667,100.54529,97.48722559127825,15
pitcher_00740,97.36456,99.191444,97.44508822041847,20
pitcher_00558,99.23294,97.99666,97.44039129712469,508
pitcher_00325,101.030235,98.34635,97.43700830636553,286
pitcher_00072,96.91865,98.78782,97.43254293744721,1160
pitcher_00973,104.57848,95.952385,97.43096116828467,74
pitcher_00568,98.48328,97.30325,97.38974847810697,9
pitcher_00520,100.36128,97.84629,97.36287490598946,132
pitcher_00442,100.239845,97.427704,97.36055899089793,670
pitcher_00152,102.89398,98.15231,97.35886109507575,46
pitcher_00369,99.52386,96.713425,97.35543169000864,104
pitcher_00575,96.257454,99.94568,97.3414700752549,32
pitcher_00887,99.132614,97.64744,97.31349223416568,262
pitcher_00034,101.499374,97.68546,97.30958850624631,45
pitcher_00487,97.46033,99.23806,97.3078842733299,16
pitcher_00635,97.47648,100.409966,97.27817939819438,66
pitcher_00944,98.17199,98.7988,97.26499285623466,487
pitcher_00984,98.521904,98.19785,97.26454144651714,25
pitcher_00864,103.86416,98.00601,97.21790003022872,20
pitcher_00931,97.38984,98.64858,97.2135205604811,241
pitcher_00801,98.055405,97.65528,97.19988452354669,1085
pitcher_00364,98.67619,97.88833,97.18614958007777,745
pitcher_00486,96.39533,99.14973,97.16360948936074,42
pitcher_00522,95.61046,98.77823,97.1451627842162,778
pitcher_00881,97.39435,96.2819,97.13974819321217,54
pitcher_00960,100.56106,97.578995,97.13198652886364,25
pitcher_00044,98.33702,97.74526,97.12796837457715,67
pitcher_01116,99.41227,98.57888,97.11995789596709,226
pitcher_00239,100.0148,97.357834,97.1129330679465,581
pitcher_00706,97.7736,97.69545,97.09240450665352,262
pitcher_00368,99.14196,97.68985,97.08057378254198,197
pitcher_00651,98.64946,98.01558,97.0791406931458,351
pitcher_00551,97.690285,96.403275,97.07493968161394,34
pitcher_00433,91.99187,103.37709,97.06350773069907,7
pitcher_00709,97.90452,97.79663,97.04991705920716,217
pitcher_00419,96.6107,98.55621,97.01149604698955,223
pitcher_00815,100.98142,90.66484,96.99914435153983,16
pitcher_00743,97.56295,100.46824,96.97483459974492,980
pitcher_00360,105.835014,96.626144,96.9724050709114,201
pitcher_00614,102.19089,93.814575,96.96512061469953,49
pitcher_01005,97.85949,98.81532,96.96146505156091,212
pitcher_01052,97.8884,99.4814,96.9608874368682,115
pitcher_00137,96.75072,98.66072,96.93899916723456,180
pitcher_00859,99.595535,99.145775,96.93703388487711,37
pitcher_00488,104.39742,93.8276,96.93653567371145,14
pitcher_01048,97.00026,97.27438,96.93514160630012,106
pitcher_00672,95.923615,96.93077,96.91825306230257,4
pitcher_00691,96.34923,98.60147,96.90313942749724,248
pitcher_00916,104.0558,98.7758,96.87997277106798,507
pitcher_00391,99.54429,98.512054,96.87067783713319,553
pitcher_00335,95.07617,98.73679,96.85916016863973,103
pitcher_00888,100.99825,100.41569,96.82991769296704,23
pitcher_00628,108.08405,98.265564,96.8012392725028,20
pitcher_01077,98.65638,98.32153,96.75963385335139,267
pitcher_00273,97.70479,99.413155,96.74390760127737,101
pitcher_01054,97.60419,97.64391,96.7354737379017,374
pitcher_00897,98.670425,97.65395,96.72344375189712,669
pitcher_01041,103.81474,97.188095,96.71432412138924,41
pitcher_00375,92.242714,98.99728,96.69317324316923,13
pitcher_00715,96.5545,101.30405,96.69090210144064,15
pitcher_00253,95.900986,97.15319,96.68907631437386,53
pitcher_00045,97.24668,97.82774,96.68563229247424,89
pitcher_00013,102.76848,95.7326,96.67865944257794,24
pitcher_00406,99.92695,91.65672,96.66048033467084,26
pitcher_00251,97.24026,97.340805,96.65277091360932,201
pitcher_00677,95.0839,98.615906,96.61501957776517,41
pitcher_01095,96.1894,97.48014,96.60991099875807,78
pitcher_00501,93.75071,98.87413,96.5823711392119,20
pitcher_00341,94.32623,98.43116,96.56810859910473,126
pitcher_00865,97.292046,98.279045,96.55880718529713,578
pitcher_00930,102.18299,96.6274,96.55153608969997,100
pitcher_00962,98.77767,95.34945,96.55106858047026,73
pitcher_01131,97.34611,97.68882,96.52502791557578,324
pitcher_00994,98.02359,96.378296,96.51809643920932,143
pitcher_01007,98.3862,97.326744,96.44494571944902,160
pitcher_00077,97.550835,97.224396,96.43229629379508,46
pitcher_00028,102.89678,100.069435,96.41496664550965,32
pitcher_00831,100.69544,96.84769,96.39530353386662,46
pitcher_00739,103.33644,96.285194,96.3637243792601,189
pitcher_00804,104.146225,97.250084,96.34224375187111,321
pitcher_00627,96.511856,96.59811,96.3257472967649,277
pitcher_00868,94.014,98.03248,96.26064194852162,23
pitcher_01042,98.52663,96.34764,96.25036234042851,20
pitcher_00153,99.201,97.52468,96.22140652674314,142
pitcher_00323,97.32979,97.28349,96.22038391252829,450
pitcher_00912,92.619354,97.92025,96.19278102885788,14
pitcher_00203,98.58536,96.39225,96.19171224330775,153
pitcher_00676,96.90657,98.076225,96.17648459703128,43
pitcher_00713,98.842094,97.76099,96.09073720836287,92
pitcher_00668,104.81438,96.23855,96.0722257827625,139
pitcher_00089,96.9486,96.918,96.0441161377249,267
pitcher_00707,113.53967,94.79627,96.03755151211604,19
pitcher_00480,101.626625,97.04105,96.02731098668343,111
pitcher_01029,98.48899,96.24021,96.00595265784439,144
pitcher_00257,109.62048,95.003265,95.98267659745161,13
pitcher_00399,96.641975,96.85355,95.97386171813488,71
pitcher_00914,96.68015,97.81722,95.94539976751683,135
pitcher_00929,99.96696,98.30747,95.94028375307022,148
pitcher_00941,98.31726,98.27851,95.92584542372772,502
pitcher_00459,95.99777,95.51184,95.87645197837996,96
pitcher_01059,109.106606,96.50679,95.85210782304253,66
pitcher_00921,101.04154,91.100136,95.80693523050621,17
pitcher_00296,94.14731,98.37528,95.78321766834362,35
pitcher_00656,100.67615,97.53539,95.77195123604388,15
pitcher_00731,94.481606,98.24797,95.76565981659454,52
pitcher_00650,96.75459,96.06842,95.75355563116055,38
pitcher_00846,97.15343,98.476814,95.74408427133518,57
pitcher_00835,103.82091,96.99575,95.7074709844882,32
pitcher_00837,99.6372,95.09982,95.68222439358124,44
pitcher_00245,97.52156,95.66671,95.65597329796881,41
pitcher_00493,102.066315,97.123604,95.65341154850694,311
pitcher_00447,95.579254,95.55352,95.58743983082414,134
pitcher_00917,90.266014,97.045265,95.58568605350328,21
pitcher_01010,92.49581,93.525345,95.58331026108372,18
pitcher_00321,96.700035,97.10973,95.5698203604997,73
pitcher_00290,96.50223,96.35788,95.52918049430994,41
pitcher_00552,94.66764,96.24839,95.5241572061342,22
pitcher_00515,95.45561,94.48362,95.48162067971762,34
pitcher_00580,95.88185,92.45446,95.46636335702728,16
pitcher_00060,97.754234,97.144646,95.45731848100802,68
pitcher_00645,98.47013,98.30966,95.43043004538228,15
pitcher_00264,95.09663,97.0866,95.33181928447455,42
pitcher_00611,94.251755,98.7066,95.31689166106766,67
pitcher_00883,103.30961,94.96575,95.26160121087416,19
pitcher_00015,96.60453,95.151024,95.25910559787077,61
pitcher_00032,94.11535,98.77183,95.2363185480354,18
pitcher_00505,104.511246,94.319244,95.12448434499265,8
pitcher_00140,102.901665,97.10471,95.12317056370105,16
pitcher_00003,99.064476,97.17168,95.09704556892173,112
pitcher_00109,98.4754,98.53702,95.02516826897309,60
pitcher_00871,99.497536,98.475464,94.98358034568857,110
pitcher_00313,92.42416,97.212296,94.96245773124167,17
pitcher_00120,95.10321,94.875916,94.94660656109747,267
pitcher_00022,100.83743,99.59022,94.90428712327108,17
pitcher_00444,95.49996,96.51435,94.90201098093735,86
pitcher_00861,95.33383,95.53763,94.77723074592619,44
pitcher_01024,103.73835,97.81638,94.76437685317359,16
pitcher_00284,101.31387,95.18545,94.75702056019877,17
pitcher_00339,99.15704,95.53606,94.71542700698497,115
pitcher_00667,97.98691,96.82522,94.67811402988008,64
pitcher_00527,99.26642,93.68514,94.64824793867933,15
pitcher_00308,95.48391,94.436035,94.58655848609742,23
pitcher_00687,94.037224,96.05137,94.57755364583129,138
pitcher_01047,97.17887,95.90894,94.50131354560507,35
pitcher_00980,94.18916,97.56873,94.49748496031856,60
pitcher_00833,98.23548,95.40622,94.41272601489511,131
pitcher_00783,100.23453,96.03101,94.37703788961258,23
pitcher_00062,96.96826,97.73397,94.3735295885464,64
pitcher_01124,99.712296,95.18074,94.3706342699522,53
pitcher_00084,,95.99052,94.35556310594089,1
pitcher_01081,99.74411,94.372635,94.03470975772505,55
pitcher_00879,108.85623,97.32842,93.9037003767031,22
pitcher_00073,103.3416,94.48482,93.67449310061939,44
pitcher_00366,99.235275,93.687805,93.6578819461762,55
pitcher_01055,96.62686,95.36608,93.4467593292149,33
pitcher_00908,109.51565,93.4463,93.39800040333988,20
pitcher_01096,103.70777,92.66006,93.36261995592642,23
pitcher_00320,93.66935,94.82745,93.34071998701909,8
pitcher_00745,101.93293,92.143234,92.76304472335964,19
pitcher_00694,99.56405,92.12778,92.67969080436939,24
pitcher_00867,97.96386,95.467026,92.6437007901394,10
pitcher_01061,93.42331,94.11341,92.59096160534729,37
pitcher_00607,109.636375,90.851685,92.54626580368142,21
pitcher_00870,95.71454,91.8981,92.45291028588088,17
pitcher_00950,99.48049,94.205124,92.41947883882366,55
pitcher_00899,99.97154,89.658905,92.22815457161387,21
pitcher_00945,106.84028,91.40635,92.22392371333294,28
pitcher_00414,93.332855,96.182625,91.87931043932166,13
pitcher_00249,97.796974,88.51822,91.69161002288295,12
pitcher_00372,92.02046,93.13215,91.64403916691823,11
pitcher_00061,101.39404,90.76497,91.57455006548192,14
pitcher_00347,99.92032,92.88807,91.36164323166565,42
pitcher_00310,,89.39704,91.12312049609744,18
pitcher_00350,97.435265,92.13995,90.99018503867974,19
pitcher_00761,99.45668,92.286354,90.88219977356813,24
pitcher_01026,97.489,94.11896,90.76682637962308,25
pitcher_01123,96.96245,92.01212,90.45824682717019,20
pitcher_00400,97.41497,94.19677,90.32182658013448,56
pitcher_00405,93.06346,95.74521,89.94975826248535,29
pitcher_01115,95.10496,91.42441,89.08104233894458,35
pitcher_00066,97.468956,90.29351,89.03843901182776,18
pitcher_00014,94.35042,89.676254,88.82819125857675,16
pitcher_00639,92.62455,91.86541,88.5950191771178,13
pitcher_00216,105.63524,87.20131,87.79558714809997,18
pitcher_00276,91.59082,85.94803,86.77567331998287,8
pitcher_00652,,86.34485,85.73601846686027,6
pitcher_00307,105.074326,87.69364,85.20134993729529,14
pitcher_00556,103.84066,88.89167,84.64929869558593,15
pitcher_00371,92.92557,87.3191,83.80599690272562,14
pitcher_00336,92.86444,84.99407,83.79633047312389,12
pitcher_00572,114.38098,82.67437,82.96773770948376,17
