pitch_type,layer,plus_sea,plus_extreme,delta
Changeup,stuff_plus,100.32575988769531,99.45411682128906,-0.87164306640625
Curveball,stuff_plus,100.42707824707031,99.64247131347656,-0.78460693359375
Cutter,stuff_plus,100.08808135986328,99.8355712890625,-0.25251007080078125
Four-Seam,stuff_plus,101.77738952636719,98.11498260498047,-3.6624069213867188
Other,stuff_plus,100.43045043945312,88.37803649902344,-12.052413940429688
Sinker,stuff_plus,100.763427734375,99.09230041503906,-1.6711273193359375
Slider,stuff_plus,100.435791015625,99.70851135253906,-0.7272796630859375
Splitter,stuff_plus,100.17081451416016,99.93291473388672,-0.2378997802734375
Changeup,location_plus,100.06034088134766,99.86988830566406,-0.19045257568359375
Curveball,location_plus,100.32112121582031,99.61372375488281,-0.7073974609375
Cutter,location_plus,100.07522583007812,99.92617797851562,-0.1490478515625
Four-Seam,location_plus,100.16638946533203,99.8148422241211,-0.3515472412109375
Other,location_plus,99.94182586669922,98.4234619140625,-1.5183639526367188
Sinker,location_plus,100.09334564208984,99.84611511230469,-0.24723052978515625
Slider,location_plus,100.32042694091797,99.66696166992188,-0.6534652709960938
Splitter,location_plus,99.57524871826172,100.34909057617188,0.7738418579101562
Changeup,pitching_plus,101.01211625722749,98.47558034252643,-2.536535914701062
Curveball,pitching_plus,101.32436511862886,98.44344530115231,-2.8809198174765527
Cutter,pitching_plus,101.27490425488477,99.00163052177506,-2.2732737331097184
Four-Seam,pitching_plus,101.31458506557561,98.62631306244374,-2.688272003131871
Other,pitching_plus,100.09714117623092,95.40492542159137,-4.692215754639548
Sinker,pitching_plus,100.999931171481,98.78866836485187,-2.2112628066291222
Slider,pitching_plus,101.344623101719,98.66227724230441,-2.682345859414582
Splitter,pitching_plus,100.33743473365134,99.25341777399291,-1.0840169596584275
