AutoPitchType,RelSpeed,EffectiveVelo,SpinRate,SpinAxis,RelHeight,RelSide,Extension,InducedVertBreak,HorzBreak,VertBreak,VertRelAngle,HorzRelAngle,VertApprAngle,HorzApprAngle,SpeedDrop,pfxx,pfxz
Changeup,83.193,82.72,1810.235,207.801,5.675,0.701,5.871,6.475,4.708,-33.854,-0.877,-1.095,-7.108,-0.249,6.177,-2.703,3.883
Curveball,77.728,76.635,2528.691,130.063,5.771,0.698,5.473,-7.308,-3.167,-54.383,0.778,-0.578,-9.068,-1.145,5.599,1.463,-3.534
Cutter,88.569,88.319,2391.079,175.737,5.902,0.404,5.863,9.461,-0.675,-25.786,-1.301,-0.475,-6.057,-0.596,6.208,0.232,5.454
Four-Seam,91.757,91.578,2324.216,197.342,5.921,0.927,6.056,15.21,4.805,-17.592,-1.759,-1.405,-5.073,-0.54,7.057,-2.837,8.574
Other,63.813,62.469,2211.064,40.751,5.569,1.946,5.483,-11.005,-11.723,-82.77,3.954,-0.92,-10.896,-2.958,5.066,5.494,-5.816
Sinker,91.143,90.722,2253.592,211.621,5.545,1.012,5.92,9.182,7.415,-24.236,-1.058,-1.582,-5.555,-0.252,6.974,-4.211,5.271
Slider,83.755,82.974,2421.356,150.589,5.732,1.04,5.644,2.64,-1.983,-37.387,-0.542,-1.214,-7.366,-1.568,6.039,0.71,1.805
Splitter,83.851,83.212,1115.093,240.573,5.796,1.688,5.83,3.783,5.403,-36.019,-0.859,-2.209,-7.476,-1.24,6.348,-3.35,2.495
OneSeamFastBall,76.383,75.021,1809.717,278.86,5.097,-2.903,5.295,-0.339,11.11,-49.07,2.295,1.975,-6.624,3.943,5.863,-5.05,-0.328
Sweeper,80.478,79.754,2541.065,130.404,5.392,1.15,5.565,-2.052,-4.57,-45.465,0.357,-0.928,-7.882,-1.753,5.41,2.15,-0.784
TwoSeamFastBall,93.872,93.744,2098.153,249.535,5.963,1.218,5.723,5.598,12.965,-25.61,-2.043,-0.682,-6.724,1.641,5.902,-6.814,3.522
Knuckleball,83.385,82.346,2609.483,98.356,5.786,1.563,5.514,2.593,-9.762,-37.854,-1.075,-1.201,-7.969,-2.943,6.1,4.642,1.937
