pitcher,stuff_plus,n_pitches
pitcher_00655,118.30338,3
pitcher_00768,115.74489,45
pitcher_00572,114.38098,2
pitcher_00707,113.53967,7
pitcher_00212,113.18983,55
pitcher_00046,112.560905,73
pitcher_00820,111.536514,1
pitcher_00643,110.4725,314
pitcher_00817,110.00106,5
pitcher_00607,109.636375,3
pitcher_00257,109.62048,3
pitcher_00908,109.51565,5
pitcher_00543,109.48814,8
pitcher_01059,109.106606,26
pitcher_00879,108.85623,9
pitcher_01103,108.851715,362
pitcher_00854,108.79149,9
pitcher_00306,108.75913,37
pitcher_00628,108.08405,6
pitcher_00754,108.02665,361
pitcher_01110,107.93665,619
pitcher_00300,107.715195,137
pitcher_00107,107.29468,124
pitcher_00297,107.18424,162
pitcher_01021,107.13519,40
pitcher_00204,107.10532,447
pitcher_00909,107.06274,18
pitcher_00560,107.04665,459
pitcher_00901,107.045074,164
pitcher_01133,106.92408,391
pitcher_00945,106.84028,4
pitcher_00043,106.81032,13
pitcher_00206,106.73884,58
pitcher_00894,106.59001,110
pitcher_01087,106.3412,240
pitcher_00118,106.18194,92
pitcher_01013,106.017265,108
pitcher_00926,105.94116,67
pitcher_00780,105.93828,142
pitcher_00271,105.928,170
pitcher_00360,105.835014,75
pitcher_00595,105.731674,593
pitcher_01119,105.70199,18
pitcher_00216,105.63524,2
pitcher_00202,105.50662,61
pitcher_00794,105.47051,166
pitcher_00913,105.45153,577
pitcher_00393,105.44438,155
pitcher_00863,105.378624,165
pitcher_01118,105.35835,191
pitcher_00828,105.14713,40
pitcher_00956,105.11871,1379
pitcher_01076,105.1143,421
pitcher_00182,105.09854,243
pitcher_00307,105.074326,5
pitcher_00838,105.061844,7
pitcher_00332,104.99977,325
pitcher_01088,104.9407,60
pitcher_00174,104.86826,351
pitcher_00597,104.83182,478
pitcher_00504,104.82805,46
pitcher_00952,104.82489,461
pitcher_00668,104.81438,60
pitcher_00476,104.671135,28
pitcher_00378,104.6599,153
pitcher_00799,104.657234,91
pitcher_00973,104.57848,29
pitcher_00850,104.55801,564
pitcher_00724,104.54478,289
pitcher_00505,104.511246,2
pitcher_00441,104.49529,263
pitcher_00626,104.481606,330
pitcher_01070,104.479195,44
pitcher_00890,104.47501,164
pitcher_00619,104.470795,745
pitcher_00105,104.43418,24
pitcher_00488,104.39742,6
pitcher_00287,104.35932,19
pitcher_00791,104.32142,189
pitcher_00054,104.31726,578
pitcher_00124,104.29339,91
pitcher_00693,104.28454,286
pitcher_00086,104.28363,20
pitcher_00421,104.26969,5
pitcher_00267,104.26319,266
pitcher_00258,104.25388,472
pitcher_00902,104.21144,540
pitcher_01094,104.17223,103
pitcher_00661,104.168755,378
pitcher_00599,104.162735,62
pitcher_00804,104.146225,124
pitcher_00356,104.14433,30
pitcher_00701,104.12177,7
pitcher_01075,104.06912,385
pitcher_00916,104.0558,215
pitcher_00536,104.01319,87
pitcher_00142,103.99745,36
pitcher_00594,103.98194,11
pitcher_00456,103.97152,130
pitcher_01107,103.91583,87
pitcher_00016,103.91366,329
pitcher_00979,103.89884,183
pitcher_00989,103.89833,56
pitcher_00864,103.86416,11
pitcher_00556,103.84066,3
pitcher_00064,103.82808,91
pitcher_00835,103.82091,14
pitcher_01041,103.81474,15
pitcher_00233,103.78755,333
pitcher_01015,103.76304,102
pitcher_00970,103.75732,256
pitcher_01024,103.73835,8
pitcher_00840,103.73821,344
pitcher_00263,103.71903,48
pitcher_00432,103.718056,7
pitcher_01096,103.70777,9
pitcher_00695,103.687416,163
pitcher_00469,103.61932,147
pitcher_00465,103.579445,693
pitcher_00779,103.55724,105
pitcher_00196,103.49536,199
pitcher_00190,103.49531,378
pitcher_00030,103.43624,139
pitcher_00849,103.42954,228
pitcher_00342,103.42344,503
pitcher_00616,103.416794,353
pitcher_00482,103.411835,176
pitcher_00489,103.4023,170
pitcher_00991,103.36739,208
pitcher_00073,103.3416,14
pitcher_00739,103.33644,82
pitcher_00027,103.32927,62
pitcher_00883,103.30961,5
pitcher_00402,103.29594,49
pitcher_00876,103.260124,572
pitcher_00343,103.24032,579
pitcher_00685,103.22872,138
pitcher_00895,103.19693,675
pitcher_01045,103.190315,100
pitcher_00095,103.17904,6
pitcher_01120,103.16623,264
pitcher_00208,103.16444,264
pitcher_00018,103.107315,110
pitcher_00198,102.997314,1087
pitcher_00624,102.98777,359
pitcher_00136,102.986664,12
pitcher_00449,102.93686,550
pitcher_00562,102.91786,726
pitcher_00140,102.901665,6
pitcher_00028,102.89678,11
pitcher_00152,102.89398,17
pitcher_00612,102.88044,57
pitcher_00578,102.87909,383
pitcher_00429,102.85052,675
pitcher_00699,102.84552,327
pitcher_00609,102.83842,229
pitcher_00571,102.83272,142
pitcher_01034,102.80307,386
pitcher_00259,102.79889,142
pitcher_00490,102.781296,9
pitcher_00013,102.76848,9
pitcher_00058,102.75784,259
pitcher_00460,102.72633,42
pitcher_00345,102.72,487
pitcher_00453,102.69567,7
pitcher_00234,102.66126,203
pitcher_00301,102.66021,502
pitcher_00358,102.62762,104
pitcher_01031,102.58986,157
pitcher_00005,102.58359,76
pitcher_01050,102.582146,798
pitcher_00207,102.53818,106
pitcher_00226,102.528015,245
pitcher_00957,102.514175,202
pitcher_00425,102.49946,12
pitcher_00312,102.48621,29
pitcher_00240,102.48343,344
pitcher_00462,102.469025,213
pitcher_01060,102.46358,773
pitcher_00468,102.44402,508
pitcher_00001,102.434814,7
pitcher_00587,102.4328,435
pitcher_00640,102.41916,9
pitcher_00039,102.41597,85
pitcher_00792,102.41239,103
pitcher_00906,102.3906,220
pitcher_01099,102.37515,318
pitcher_00279,102.373505,108
pitcher_00729,102.3685,6
pitcher_00102,102.359024,20
pitcher_00049,102.3545,150
pitcher_00608,102.343056,105
pitcher_00856,102.332596,135
pitcher_00564,102.32063,537
pitcher_00516,102.31324,1325
pitcher_00079,102.29874,258
pitcher_00839,102.28553,17
pitcher_00793,102.28345,191
pitcher_00021,102.28231,263
pitcher_01102,102.28073,307
pitcher_00355,102.26747,257
pitcher_00119,102.26565,143
pitcher_00017,102.24699,285
pitcher_00222,102.243126,241
pitcher_00570,102.24033,5
pitcher_00836,102.23114,209
pitcher_00420,102.21536,187
pitcher_00670,102.195175,212
pitcher_01027,102.19311,690
pitcher_00584,102.19282,250
pitcher_01030,102.19195,312
pitcher_00614,102.19089,15
pitcher_00658,102.189896,324
pitcher_00930,102.18299,37
pitcher_00742,102.17391,594
pitcher_00797,102.15411,152
pitcher_00893,102.13988,173
pitcher_00446,102.10773,881
pitcher_00006,102.10568,25
pitcher_00905,102.105194,547
pitcher_00438,102.08727,78
pitcher_00647,102.07218,292
pitcher_00493,102.066315,128
pitcher_00633,102.0578,122
pitcher_00659,102.0534,250
pitcher_01025,102.04336,137
pitcher_00210,102.03693,105
pitcher_00613,102.03137,6
pitcher_01035,102.02254,281
pitcher_00705,102.01357,1227
pitcher_00225,102.00901,88
pitcher_00477,102.00514,553
pitcher_00789,102.00192,174
pitcher_00997,102.000046,216
pitcher_00615,101.94541,14
pitcher_00745,101.93293,6
pitcher_00606,101.93055,139
pitcher_00964,101.91176,426
pitcher_00878,101.88118,314
pitcher_00108,101.87961,180
pitcher_00683,101.87921,171
pitcher_01078,101.87561,161
pitcher_00422,101.87006,545
pitcher_00475,101.865524,359
pitcher_00241,101.85118,107
pitcher_00394,101.84473,306
pitcher_00093,101.841805,183
pitcher_00454,101.8256,6
pitcher_00083,101.823006,350
pitcher_00218,101.79973,51
pitcher_00451,101.7973,681
pitcher_01018,101.79602,576
pitcher_00545,101.79216,82
pitcher_00138,101.77426,323
pitcher_00703,101.76162,321
pitcher_00529,101.75716,399
pitcher_00130,101.75709,587
pitcher_00097,101.75275,8
pitcher_00750,101.74639,60
pitcher_00675,101.704895,336
pitcher_00007,101.700806,7
pitcher_00265,101.68983,57
pitcher_00657,101.67541,195
pitcher_00730,101.66369,101
pitcher_00955,101.65663,355
pitcher_00752,101.65212,228
pitcher_00357,101.65174,19
pitcher_00632,101.64482,139
pitcher_00704,101.64403,21
pitcher_01056,101.64157,100
pitcher_00648,101.62669,18
pitcher_00480,101.626625,46
pitcher_01071,101.61618,263
pitcher_00875,101.61322,321
pitcher_00802,101.6105,358
pitcher_00502,101.60895,117
pitcher_00889,101.584465,380
pitcher_01127,101.58272,655
pitcher_00847,101.56948,1045
pitcher_01016,101.566345,81
pitcher_00461,101.55818,927
pitcher_00381,101.55008,205
pitcher_00896,101.54435,7
pitcher_00383,101.54247,106
pitcher_00826,101.522125,54
pitcher_00466,101.49996,429
pitcher_00034,101.499374,14
pitcher_00088,101.49809,323
pitcher_00830,101.46472,1789
pitcher_01020,101.432396,613
pitcher_00029,101.410164,32
pitcher_00061,101.39404,2
pitcher_00031,101.3789,408
pitcher_00473,101.36682,94
pitcher_01058,101.36574,405
pitcher_00719,101.36171,64
pitcher_00485,101.35233,19
pitcher_00776,101.35086,755
pitcher_00866,101.329666,585
pitcher_00385,101.322266,7
pitcher_00023,101.31758,56
pitcher_00284,101.31387,9
pitcher_00409,101.31384,30
pitcher_00885,101.30128,134
pitcher_00723,101.2895,1402
pitcher_00682,101.28441,839
pitcher_00860,101.26236,105
pitcher_00721,101.25793,702
pitcher_00395,101.251724,321
pitcher_01093,101.24313,240
pitcher_00585,101.24105,5
pitcher_00295,101.23557,290
pitcher_00642,101.225494,237
pitcher_01036,101.22158,173
pitcher_00401,101.2049,1003
pitcher_00988,101.20254,616
pitcher_00220,101.18866,81
pitcher_00907,101.17942,63
pitcher_00168,101.17629,183
pitcher_00985,101.17408,151
pitcher_01122,101.17181,273
pitcher_00115,101.15681,864
pitcher_00141,101.15447,497
pitcher_00484,101.1491,534
pitcher_00146,101.14664,206
pitcher_00940,101.1214,609
pitcher_00506,101.10358,14
pitcher_00285,101.095764,201
pitcher_01084,101.07946,243
pitcher_00172,101.07192,146
pitcher_01082,101.06255,513
pitcher_00250,101.059265,946
pitcher_00921,101.04154,9
pitcher_00325,101.030235,119
pitcher_00763,101.02306,13
pitcher_00455,101.02183,157
pitcher_00758,101.008896,34
pitcher_00037,101.00425,673
pitcher_00625,100.999825,377
pitcher_00888,100.99825,9
pitcher_01106,100.99099,22
pitcher_00274,100.98739,629
pitcher_00815,100.98142,7
pitcher_00559,100.98083,499
pitcher_00389,100.98073,568
pitcher_00407,100.98036,160
pitcher_00577,100.97175,257
pitcher_00966,100.96726,33
pitcher_01033,100.947136,648
pitcher_00566,100.93601,772
pitcher_00700,100.9315,35
pitcher_00499,100.92886,10
pitcher_00281,100.92098,213
pitcher_00019,100.91239,1264
pitcher_00818,100.8958,343
pitcher_01101,100.87175,599
pitcher_00884,100.87173,189
pitcher_00790,100.855896,395
pitcher_00288,100.85415,843
pitcher_00002,100.851265,240
pitcher_00993,100.83979,274
pitcher_00022,100.83743,8
pitcher_01072,100.78945,520
pitcher_01064,100.789375,37
pitcher_00189,100.783066,120
pitcher_00123,100.77195,352
pitcher_00803,100.76107,81
pitcher_00467,100.75784,464
pitcher_01044,100.756615,322
pitcher_00961,100.7478,13
pitcher_00928,100.74255,135
pitcher_00050,100.73856,55
pitcher_00188,100.71599,202
pitcher_00872,100.70561,30
pitcher_00831,100.69544,18
pitcher_00047,100.69248,316
pitcher_00082,100.69131,89
pitcher_00199,100.68363,373
pitcher_00805,100.68263,42
pitcher_00326,100.679726,782
pitcher_00656,100.67615,8
pitcher_00098,100.672874,69
pitcher_00947,100.6692,8
pitcher_00338,100.668015,1150
pitcher_00662,100.66291,317
pitcher_00547,100.66131,675
pitcher_01023,100.66085,730
pitcher_00404,100.65725,1084
pitcher_00598,100.65529,333
pitcher_00311,100.65318,153
pitcher_00637,100.65124,62
pitcher_00848,100.64862,338
pitcher_00684,100.64821,197
pitcher_00008,100.643105,33
pitcher_00965,100.64067,337
pitcher_00702,100.64,759
pitcher_00382,100.63555,257
pitcher_00087,100.63448,199
pitcher_00808,100.62552,9
pitcher_00428,100.62326,236
pitcher_00471,100.59548,16
pitcher_01109,100.5914,882
pitcher_00053,100.59045,251
pitcher_01063,100.58999,656
pitcher_00246,100.588875,453
pitcher_01100,100.586464,70
pitcher_00068,100.580154,47
pitcher_00167,100.57957,256
pitcher_00112,100.57584,138
pitcher_01068,100.56986,106
pitcher_00205,100.564514,780
pitcher_00960,100.56106,10
pitcher_00478,100.54378,817
pitcher_00986,100.5436,600
pitcher_00069,100.53504,731
pitcher_00517,100.532234,368
pitcher_00623,100.53099,256
pitcher_00331,100.51991,594
pitcher_00175,100.51305,422
pitcher_00435,100.50961,6
pitcher_00229,100.50688,191
pitcher_01011,100.500145,147
pitcher_01129,100.489204,324
pitcher_00975,100.48786,21
pitcher_00289,100.483574,1272
pitcher_00557,100.479416,547
pitcher_00844,100.47226,866
pitcher_00268,100.45917,23
pitcher_00969,100.44793,210
pitcher_00773,100.44476,123
pitcher_01065,100.43609,287
pitcher_00660,100.433784,397
pitcher_00509,100.424065,382
pitcher_00974,100.42,939
pitcher_00165,100.41343,279
pitcher_00303,100.40137,1247
pitcher_00824,100.39623,43
pitcher_01090,100.38978,83
pitcher_00121,100.36705,100
pitcher_00344,100.362335,453
pitcher_00520,100.36128,52
pitcher_00918,100.34746,128
pitcher_01117,100.34128,438
pitcher_00592,100.31646,69
pitcher_00211,100.30749,520
pitcher_00379,100.29863,318
pitcher_00753,100.28876,431
pitcher_00299,100.28475,134
pitcher_00497,100.2814,95
pitcher_01066,100.27687,278
pitcher_01073,100.27354,593
pitcher_00293,100.27214,114
pitcher_00309,100.24759,345
pitcher_00442,100.239845,257
pitcher_00783,100.23453,8
pitcher_01053,100.23033,77
pitcher_00056,100.22864,282
pitcher_00186,100.2281,1370
pitcher_00638,100.22425,352
pitcher_00561,100.224144,6
pitcher_00298,100.22199,235
pitcher_00857,100.20326,40
pitcher_01097,100.18013,88
pitcher_00173,100.17763,16
pitcher_00235,100.17009,548
pitcher_00821,100.1461,650
pitcher_00483,100.13528,466
pitcher_00795,100.08686,126
pitcher_00744,100.08066,29
pitcher_00158,100.06012,62
pitcher_00125,100.055786,667
pitcher_00315,100.0555,459
pitcher_00540,100.051094,13
pitcher_00376,100.04816,209
pitcher_00563,100.045296,300
pitcher_00590,100.04243,24
pitcher_00762,100.03049,171
pitcher_00059,100.02542,665
pitcher_00213,100.02213,205
pitcher_00714,100.01918,1425
pitcher_00424,100.01584,32
pitcher_00239,100.0148,223
pitcher_00254,99.99487,254
pitcher_00048,99.986664,427
pitcher_01092,99.98472,730
pitcher_00302,99.98088,556
pitcher_00192,99.975266,17
pitcher_00899,99.97154,7
pitcher_00929,99.96696,55
pitcher_00759,99.965126,369
pitcher_01079,99.94732,4
pitcher_00786,99.943695,181
pitcher_01108,99.9277,5
pitcher_00406,99.92695,15
pitcher_00197,99.92681,95
pitcher_00221,99.924385,224
pitcher_00144,99.92417,654
pitcher_00347,99.92032,11
pitcher_00998,99.91837,316
pitcher_00427,99.91768,286
pitcher_00726,99.90881,156
pitcher_00617,99.90705,1515
pitcher_00426,99.83861,725
pitcher_01128,99.83179,100
pitcher_00756,99.82726,599
pitcher_00194,99.82684,192
pitcher_00533,99.81972,1463
pitcher_00732,99.81635,236
pitcher_01112,99.80966,952
pitcher_00967,99.80272,604
pitcher_00040,99.80082,341
pitcher_00430,99.79637,594
pitcher_00242,99.787994,29
pitcher_00474,99.78719,194
pitcher_00334,99.77799,447
pitcher_00479,99.77764,126
pitcher_00574,99.77275,97
pitcher_00858,99.77106,145
pitcher_00686,99.769875,446
pitcher_00772,99.767334,162
pitcher_00604,99.766556,678
pitcher_00256,99.76368,395
pitcher_00236,99.75504,1114
pitcher_01019,99.75313,618
pitcher_01081,99.74411,16
pitcher_01006,99.74269,187
pitcher_00688,99.73348,901
pitcher_00452,99.731514,62
pitcher_00286,99.72882,84
pitcher_00390,99.72069,314
pitcher_00938,99.71829,1883
pitcher_01124,99.712296,15
pitcher_00674,99.70999,167
pitcher_01104,99.70459,379
pitcher_00508,99.70113,395
pitcher_00665,99.697876,230
pitcher_00063,99.69167,64
pitcher_00283,99.69149,13
pitcher_00330,99.68979,341
pitcher_00760,99.68745,22
pitcher_00573,99.665054,321
pitcher_00024,99.66399,113
pitcher_00603,99.66351,96
pitcher_00538,99.663185,48
pitcher_00443,99.65747,9
pitcher_00749,99.65157,917
pitcher_00260,99.64476,843
pitcher_00837,99.6372,14
pitcher_00280,99.63594,541
pitcher_00071,99.62551,592
pitcher_00827,99.617966,42
pitcher_01028,99.61364,576
pitcher_00410,99.60567,333
pitcher_00042,99.605385,156
pitcher_00922,99.59845,96
pitcher_00934,99.59575,296
pitcher_00859,99.595535,17
pitcher_00904,99.58781,1236
pitcher_00223,99.58685,6
pitcher_00094,99.57921,283
pitcher_00057,99.574036,281
pitcher_00114,99.573524,270
pitcher_00694,99.56405,5
pitcher_00193,99.56344,474
pitcher_00834,99.55836,881
pitcher_00412,99.55436,51
pitcher_00391,99.54429,253
pitcher_00807,99.541534,693
pitcher_00927,99.541046,26
pitcher_00519,99.53725,1441
pitcher_00369,99.52386,36
pitcher_00605,99.512726,528
pitcher_00178,99.51191,982
pitcher_00272,99.49774,3
pitcher_00871,99.497536,47
pitcher_00950,99.48049,18
pitcher_00666,99.47681,1713
pitcher_00440,99.462524,265
pitcher_00761,99.45668,8
pitcher_00689,99.45616,30
pitcher_00163,99.44738,304
pitcher_00673,99.44139,53
pitcher_01017,99.43165,311
pitcher_00874,99.43074,224
pitcher_00548,99.42816,246
pitcher_00728,99.42103,553
pitcher_01116,99.41227,97
pitcher_00741,99.400665,51
pitcher_00995,99.394035,23
pitcher_00232,99.39356,151
pitcher_00318,99.38876,137
pitcher_00629,99.38673,205
pitcher_00238,99.38425,103
pitcher_00363,99.38309,31
pitcher_00767,99.37804,1105
pitcher_00388,99.37051,212
pitcher_00903,99.36812,1090
pitcher_00151,99.36569,232
pitcher_00074,99.36455,488
pitcher_00219,99.36175,572
pitcher_01134,99.36105,879
pitcher_00139,99.354355,529
pitcher_00498,99.34992,138
pitcher_00942,99.34952,213
pitcher_00717,99.34345,663
pitcher_00948,99.341866,390
pitcher_00554,99.33944,137
pitcher_00215,99.33729,174
pitcher_00923,99.32658,78
pitcher_00588,99.321304,608
pitcher_00810,99.30875,308
pitcher_00224,99.30665,550
pitcher_00161,99.305145,437
pitcher_00755,99.30302,798
pitcher_00736,99.28824,449
pitcher_00774,99.27703,515
pitcher_00527,99.26642,6
pitcher_00266,99.2642,67
pitcher_00963,99.25969,80
pitcher_00217,99.251236,596
pitcher_01003,99.24775,584
pitcher_00747,99.238594,337
pitcher_00366,99.235275,22
pitcher_00183,99.23382,206
pitcher_00531,99.23368,93
pitcher_00558,99.23294,177
pitcher_00541,99.227,1120
pitcher_01004,99.22389,526
pitcher_00725,99.21137,288
pitcher_00262,99.20324,824
pitcher_00153,99.201,61
pitcher_00398,99.19712,339
pitcher_00757,99.19411,220
pitcher_00147,99.18469,11
pitcher_00244,99.16922,547
pitcher_00800,99.16545,1173
pitcher_00339,99.15704,43
pitcher_00328,99.15312,40
pitcher_00513,99.152145,58
pitcher_00368,99.14196,87
pitcher_00386,99.14014,314
pitcher_00080,99.13621,190
pitcher_01032,99.135666,833
pitcher_00887,99.132614,112
pitcher_00209,99.11647,333
pitcher_00448,99.11645,476
pitcher_00009,99.11164,65
pitcher_00065,99.11025,111
pitcher_00933,99.11011,6
pitcher_01121,99.10773,31
pitcher_00751,99.10628,1025
pitcher_00437,99.10616,64
pitcher_00373,99.10531,619
pitcher_00317,99.09405,107
pitcher_01037,99.09249,998
pitcher_00269,99.08879,619
pitcher_00081,99.085304,781
pitcher_00078,99.0663,153
pitcher_00003,99.064476,47
pitcher_00020,99.06408,1081
pitcher_00185,99.057556,529
pitcher_00396,99.05543,957
pitcher_01039,99.0501,831
pitcher_00766,99.04723,141
pitcher_00880,99.04512,152
pitcher_00352,99.04328,214
pitcher_01098,99.04029,306
pitcher_00733,99.02876,9
pitcher_00177,99.027824,167
pitcher_00514,99.01483,720
pitcher_00722,99.00807,204
pitcher_00946,99.00239,118
pitcher_00349,99.00068,36
pitcher_00041,98.988525,385
pitcher_01012,98.98685,345
pitcher_00230,98.98337,86
pitcher_00781,98.98151,21
pitcher_00314,98.96958,34
pitcher_00972,98.96659,347
pitcher_00370,98.9616,1495
pitcher_00581,98.95643,776
pitcher_00403,98.95453,745
pitcher_00641,98.912735,37
pitcher_00958,98.894684,642
pitcher_00530,98.878685,408
pitcher_00576,98.878105,333
pitcher_00255,98.87535,509
pitcher_00055,98.85106,205
pitcher_00555,98.84529,710
pitcher_00953,98.844604,264
pitcher_00436,98.84374,454
pitcher_00133,98.84305,152
pitcher_00713,98.842094,36
pitcher_00591,98.83384,19
pitcher_00649,98.82664,529
pitcher_00959,98.82258,51
pitcher_00122,98.818405,279
pitcher_00010,98.81296,368
pitcher_00418,98.811035,264
pitcher_00340,98.79341,670
pitcher_00111,98.7842,9
pitcher_00324,98.78279,352
pitcher_00962,98.77767,24
pitcher_00954,98.777176,760
pitcher_00346,98.77477,165
pitcher_00171,98.77316,67
pitcher_00935,98.76913,187
pitcher_00528,98.76071,214
pitcher_01038,98.756355,296
pitcher_00769,98.75595,61
pitcher_00510,98.75153,302
pitcher_00832,98.72764,233
pitcher_00811,98.69297,425
pitcher_00825,98.691055,51
pitcher_00364,98.67619,299
pitcher_00897,98.670425,262
pitcher_01014,98.666214,811
pitcher_00036,98.65839,253
pitcher_01077,98.65638,125
pitcher_00651,98.64946,140
pitcher_00822,98.64721,657
pitcher_00227,98.64398,772
pitcher_00494,98.63702,146
pitcher_00248,98.635605,362
pitcher_00915,98.62784,121
pitcher_00170,98.61929,434
pitcher_01043,98.618835,407
pitcher_01130,98.61685,369
pitcher_00507,98.61573,194
pitcher_00282,98.60243,1026
pitcher_00734,98.59235,438
pitcher_00203,98.58536,49
pitcher_00470,98.561195,748
pitcher_00180,98.55757,446
pitcher_00099,98.55673,271
pitcher_00771,98.55258,123
pitcher_00361,98.54815,558
pitcher_00983,98.54746,485
pitcher_00678,98.526985,275
pitcher_01042,98.52663,7
pitcher_00981,98.52342,169
pitcher_00984,98.521904,9
pitcher_00823,98.51284,81
pitcher_00943,98.50856,308
pitcher_00845,98.50757,420
pitcher_00679,98.50647,194
pitcher_00539,98.49313,485
pitcher_00116,98.48994,33
pitcher_01029,98.48899,47
pitcher_01008,98.48827,172
pitcher_00787,98.48616,176
pitcher_01040,98.48532,642
pitcher_00568,98.48328,4
pitcher_00109,98.4754,24
pitcher_00645,98.47013,7
pitcher_00051,98.46609,19
pitcher_00841,98.45704,1783
pitcher_00101,98.45152,109
pitcher_00106,98.443565,882
pitcher_00873,98.43916,166
pitcher_00511,98.43698,555
pitcher_00365,98.434525,78
pitcher_00718,98.43385,363
pitcher_00417,98.4302,51
pitcher_00067,98.42931,252
pitcher_00319,98.42868,931
pitcher_00737,98.41562,909
pitcher_00294,98.41375,570
pitcher_00852,98.40506,153
pitcher_00582,98.40265,24
pitcher_00496,98.3979,29
pitcher_00127,98.39449,521
pitcher_00150,98.38729,119
pitcher_01007,98.3862,67
pitcher_00698,98.368935,30
pitcher_00195,98.35853,224
pitcher_00450,98.352005,222
pitcher_00977,98.34977,122
pitcher_01089,98.3375,62
pitcher_00044,98.33702,23
pitcher_00292,98.32668,1605
pitcher_00602,98.32562,327
pitcher_00160,98.32536,355
pitcher_00941,98.31726,210
pitcher_00891,98.312386,41
pitcher_00481,98.294464,41
pitcher_00949,98.294205,73
pitcher_00134,98.28876,294
pitcher_00697,98.28425,434
pitcher_00131,98.28373,16
pitcher_00809,98.27739,13
pitcher_00333,98.273964,97
pitcher_00782,98.27378,238
pitcher_00819,98.25905,1116
pitcher_00243,98.24832,331
pitcher_01069,98.24631,468
pitcher_00128,98.24435,234
pitcher_00532,98.23675,10
pitcher_00833,98.23548,44
pitcher_00135,98.23194,371
pitcher_00327,98.23079,342
pitcher_00103,98.22059,1168
pitcher_00775,98.21757,309
pitcher_00711,98.215164,137
pitcher_00716,98.20365,122
pitcher_00304,98.188484,220
pitcher_00439,98.17262,246
pitcher_00944,98.17199,199
pitcher_00384,98.16882,59
pitcher_00445,98.160515,647
pitcher_00191,98.15711,1198
pitcher_00322,98.1482,90
pitcher_00853,98.12193,344
pitcher_00653,98.11935,177
pitcher_00924,98.095474,631
pitcher_00712,98.09139,108
pitcher_00939,98.08824,171
pitcher_00727,98.08651,343
pitcher_00261,98.07875,271
pitcher_00228,98.07756,10
pitcher_00708,98.07262,36
pitcher_00987,98.06851,120
pitcher_00569,98.06385,313
pitcher_00583,98.05758,112
pitcher_00801,98.055405,439
pitcher_00636,98.05028,631
pitcher_00816,98.04824,315
pitcher_00491,98.044556,7
pitcher_00415,98.03581,26
pitcher_00680,98.03456,650
pitcher_00164,98.02681,409
pitcher_00994,98.02359,59
pitcher_00618,98.010124,38
pitcher_00788,98.003624,39
pitcher_00145,97.994156,220
pitcher_00900,97.99138,14
pitcher_00091,97.98906,118
pitcher_00667,97.98691,22
pitcher_01001,97.971436,439
pitcher_00867,97.96386,3
pitcher_01080,97.954254,577
pitcher_00535,97.951775,146
pitcher_00869,97.94999,122
pitcher_00646,97.94314,612
pitcher_00100,97.93422,243
pitcher_00663,97.92124,378
pitcher_00126,97.91834,117
pitcher_00542,97.906685,360
pitcher_00709,97.90452,102
pitcher_00851,97.904175,276
pitcher_00622,97.90194,1712
pitcher_00910,97.893875,140
pitcher_00169,97.88865,250
pitcher_01052,97.8884,58
pitcher_00277,97.88561,498
pitcher_00920,97.88369,393
pitcher_00397,97.87018,132
pitcher_01005,97.85949,91
pitcher_01085,97.85633,233
pitcher_00600,97.856125,191
pitcher_00978,97.84592,125
pitcher_00814,97.833984,426
pitcher_00589,97.81624,98
pitcher_00778,97.81551,1217
pitcher_00159,97.80704,65
pitcher_00249,97.796974,6
pitcher_00746,97.78363,127
pitcher_00706,97.7736,123
pitcher_00011,97.77263,482
pitcher_00748,97.77205,354
pitcher_00999,97.77091,301
pitcher_00060,97.754234,27
pitcher_00829,97.75151,208
pitcher_00096,97.7359,815
pitcher_00882,97.73461,165
pitcher_00353,97.70752,3
pitcher_00377,97.706276,574
pitcher_01000,97.7058,943
pitcher_00273,97.70479,42
pitcher_01125,97.70293,209
pitcher_00157,97.69307,888
pitcher_00526,97.69147,31
pitcher_00551,97.690285,14
pitcher_00796,97.68531,75
pitcher_00392,97.6817,81
pitcher_01049,97.66267,345
pitcher_00176,97.653145,113
pitcher_00764,97.64584,391
pitcher_01083,97.636955,58
pitcher_00416,97.63401,213
pitcher_00149,97.6219,29
pitcher_00968,97.62116,7
pitcher_00464,97.61418,1202
pitcher_00408,97.60423,19
pitcher_01054,97.60419,152
pitcher_01105,97.58703,264
pitcher_00052,97.57049,568
pitcher_00743,97.56295,466
pitcher_00077,97.550835,14
pitcher_00201,97.5491,97
pitcher_00549,97.54515,27
pitcher_00996,97.53967,15
pitcher_00862,97.53078,85
pitcher_00620,97.523,159
pitcher_00245,97.52156,20
pitcher_00026,97.50527,1207
pitcher_00579,97.49287,9
pitcher_00813,97.490555,104
pitcher_01026,97.489,8
pitcher_00951,97.485596,75
pitcher_00664,97.47905,241
pitcher_00635,97.47648,20
pitcher_00066,97.468956,3
pitcher_00523,97.46376,893
pitcher_00291,97.463486,105
pitcher_00487,97.46033,5
pitcher_01009,97.456375,10
pitcher_00156,97.45566,82
pitcher_00132,97.44106,332
pitcher_00411,97.43531,31
pitcher_00350,97.435265,6
pitcher_00681,97.41737,348
pitcher_00400,97.41497,25
pitcher_01132,97.41148,168
pitcher_00550,97.40878,55
pitcher_00765,97.40407,179
pitcher_01113,97.396355,287
pitcher_00881,97.39435,17
pitcher_01114,97.39168,1105
pitcher_00931,97.38984,103
pitcher_00367,97.38557,16
pitcher_00270,97.383415,324
pitcher_01086,97.3791,9
pitcher_00162,97.36779,181
pitcher_00740,97.36456,8
pitcher_00534,97.361755,244
pitcher_00937,97.35953,129
pitcher_00610,97.34909,270
pitcher_00546,97.34766,77
pitcher_01131,97.34611,148
pitcher_00348,97.33438,389
pitcher_00323,97.32979,196
pitcher_00518,97.3146,67
pitcher_00601,97.30674,319
pitcher_00634,97.30075,270
pitcher_00865,97.292046,232
pitcher_00936,97.27728,93
pitcher_01067,97.2523,964
pitcher_00035,97.2492,307
pitcher_00045,97.24668,42
pitcher_00251,97.24026,93
pitcher_00976,97.23638,336
pitcher_00842,97.23311,337
pitcher_00503,97.228294,348
pitcher_00387,97.22128,167
pitcher_00038,97.203606,147
pitcher_00855,97.20125,153
pitcher_00423,97.18078,17
pitcher_00690,97.179634,143
pitcher_01047,97.17887,16
pitcher_00179,97.16926,19
pitcher_00846,97.15343,31
pitcher_00925,97.143166,152
pitcher_00214,97.12651,23
pitcher_00247,97.12426,127
pitcher_00586,97.12093,220
pitcher_00431,97.11652,357
pitcher_00362,97.116035,269
pitcher_00252,97.09733,989
pitcher_01057,97.0846,38
pitcher_00777,97.06943,105
pitcher_00537,97.04567,217
pitcher_00553,97.04419,170
pitcher_00784,97.03819,7
pitcher_00166,97.02767,838
pitcher_00990,97.02405,253
pitcher_01048,97.00026,35
pitcher_00113,96.998184,27
pitcher_00738,96.99436,19
pitcher_00070,96.98875,83
pitcher_00671,96.98002,41
pitcher_00062,96.96826,22
pitcher_00154,96.96383,31
pitcher_01123,96.96245,4
pitcher_00089,96.9486,101
pitcher_00072,96.91865,565
pitcher_00676,96.90657,18
pitcher_01022,96.87368,134
pitcher_00148,96.85022,28
pitcher_01051,96.848564,310
pitcher_00359,96.84056,313
pitcher_00413,96.838936,290
pitcher_00187,96.83596,81
pitcher_00593,96.81564,10
pitcher_00770,96.776245,316
pitcher_00992,96.76851,43
pitcher_00458,96.76722,313
pitcher_00200,96.75864,366
pitcher_00329,96.75683,92
pitcher_00650,96.75459,13
pitcher_00137,96.75072,78
pitcher_00500,96.73249,995
pitcher_01074,96.71264,134
pitcher_00321,96.700035,35
pitcher_00184,96.69608,53
pitcher_00919,96.681526,94
pitcher_00914,96.68015,56
pitcher_00971,96.65569,168
pitcher_00399,96.641975,33
pitcher_00567,96.636215,7
pitcher_00033,96.63067,44
pitcher_01055,96.62686,12
pitcher_00076,96.61819,282
pitcher_00419,96.6107,87
pitcher_00524,96.60963,115
pitcher_00015,96.60453,19
pitcher_00621,96.58085,43
pitcher_01062,96.576706,8
pitcher_00877,96.57148,165
pitcher_00715,96.5545,7
pitcher_00785,96.542984,313
pitcher_00644,96.5397,35
pitcher_00495,96.53959,490
pitcher_00627,96.511856,119
pitcher_00337,96.50839,128
pitcher_00290,96.50223,12
pitcher_00374,96.497185,236
pitcher_00892,96.48435,1187
pitcher_01046,96.46168,159
pitcher_00565,96.39753,301
pitcher_00486,96.39533,18
pitcher_00898,96.389626,30
pitcher_00085,96.38456,24
pitcher_00457,96.373955,1006
pitcher_00669,96.35041,13
pitcher_00691,96.34923,112
pitcher_00104,96.330574,67
pitcher_00380,96.2928,249
pitcher_00812,96.26287,315
pitcher_00575,96.257454,16
pitcher_00129,96.254295,241
pitcher_00735,96.23685,4
pitcher_00075,96.22087,109
pitcher_00117,96.214005,1
pitcher_01095,96.1894,27
pitcher_00525,96.183304,13
pitcher_00710,96.164925,181
pitcher_01111,96.113785,17
pitcher_01002,96.104195,73
pitcher_00798,96.09244,36
pitcher_00231,96.09138,24
pitcher_00092,96.07923,2
pitcher_00544,96.06952,207
pitcher_00459,95.99777,36
pitcher_00004,95.94501,45
pitcher_00110,95.930664,109
pitcher_00672,95.923615,1
pitcher_00631,95.91595,28
pitcher_00932,95.902435,1410
pitcher_00253,95.900986,18
pitcher_00580,95.88185,5
pitcher_00354,95.86743,18
pitcher_01091,95.827354,113
pitcher_00806,95.80741,16
pitcher_00720,95.79045,92
pitcher_00492,95.75725,15
pitcher_00692,95.74365,76
pitcher_00870,95.71454,4
pitcher_00237,95.703064,25
pitcher_00351,95.61563,13
pitcher_00522,95.61046,336
pitcher_00447,95.579254,52
pitcher_00444,95.49996,32
pitcher_00012,95.49128,9
pitcher_00308,95.48391,6
pitcher_00886,95.47603,26
pitcher_00278,95.46639,126
pitcher_00515,95.45561,11
pitcher_00155,95.36906,19
pitcher_00025,95.34633,15
pitcher_00654,95.3357,23
pitcher_00861,95.33383,16
pitcher_01126,95.24221,70
pitcher_00434,95.22524,20
pitcher_00696,95.17082,9
pitcher_00090,95.136505,167
pitcher_00143,95.12021,114
pitcher_01115,95.10496,9
pitcher_00120,95.10321,80
pitcher_00264,95.09663,20
pitcher_00316,95.09601,258
pitcher_00677,95.0839,14
pitcher_00843,95.07867,11
pitcher_00335,95.07617,44
pitcher_00982,95.01328,36
pitcher_00552,94.66764,7
pitcher_00512,94.54345,18
pitcher_00472,94.51661,10
pitcher_00731,94.481606,18
pitcher_00014,94.35042,4
pitcher_00911,94.327484,19
pitcher_00341,94.32623,53
pitcher_00630,94.324265,10
pitcher_00611,94.251755,26
pitcher_00980,94.18916,25
pitcher_00296,94.14731,19
pitcher_00463,94.116806,1
pitcher_00032,94.11535,7
pitcher_00687,94.037224,56
pitcher_00868,94.014,10
pitcher_00501,93.75071,9
pitcher_00320,93.66935,1
pitcher_01061,93.42331,13
pitcher_00414,93.332855,2
pitcher_00596,93.32169,3
pitcher_00405,93.06346,14
pitcher_00371,92.92557,2
pitcher_00275,92.90748,2
pitcher_00181,92.882484,6
pitcher_00336,92.86444,2
pitcher_00639,92.62455,6
pitcher_00912,92.619354,5
pitcher_01010,92.49581,7
pitcher_00313,92.42416,7
pitcher_00375,92.242714,3
pitcher_00521,92.140205,8
pitcher_00305,92.02667,5
pitcher_00372,92.02046,2
pitcher_00433,91.99187,4
pitcher_00276,91.59082,1
pitcher_00917,90.266014,5
