pitch_type,altitude,stuff_plus,location_plus,pitching_plus,n
Changeup,Extreme Altitude,99.45412,99.86989,98.47558034252643,19331
Changeup,Medium Altitude,99.85003,100.07284,99.40210288748786,17642
Changeup,No Altitude,100.32576,100.06034,101.01211625722749,41322
Curveball,Extreme Altitude,99.64247,99.61372,98.44344530115231,14443
Curveball,Medium Altitude,99.627815,99.88597,99.29838738410712,14063
Curveball,No Altitude,100.42708,100.32112,101.32436511862886,25094
Cutter,Extreme Altitude,99.83557,99.92618,99.00163052177506,10110
Cutter,Medium Altitude,100.14158,100.06063,99.7242498177841,6600
Cutter,No Altitude,100.08808,100.075226,101.27490425488477,9616
Four-Seam,Extreme Altitude,98.11498,99.81484,98.62631306244374,62038
Four-Seam,Medium Altitude,98.872,99.935555,99.21014593364316,55329
Four-Seam,No Altitude,101.77739,100.16639,101.31458506557561,99489
Other,Extreme Altitude,88.37804,98.42346,95.40492542159137,3
Other,Medium Altitude,,108.0457,108.24817669006283,1
Other,No Altitude,100.43045,99.941826,100.09714117623092,57
Sinker,Extreme Altitude,99.0923,99.846115,98.78866836485187,31810
Sinker,Medium Altitude,99.423676,100.00349,99.3356820805611,23573
Sinker,No Altitude,100.76343,100.093346,100.999931171481,55027
Slider,Extreme Altitude,99.70851,99.66696,98.66227724230441,42713
Slider,Medium Altitude,99.637146,99.88651,99.39349809426932,36125
Slider,No Altitude,100.43579,100.32043,101.344623101719,59730
Splitter,Extreme Altitude,99.932915,100.34909,99.25341777399291,2228
Splitter,Medium Altitude,99.79629,100.48628,100.32417196651704,1507
Splitter,No Altitude,100.170815,99.57525,100.33743473365134,3540
OneSeamFastBall,Extreme Altitude,,,,1
Sweeper,Extreme Altitude,100.0,100.0,100.0,588
TwoSeamFastBall,Extreme Altitude,,,,1
Knuckleball,Extreme Altitude,,,,1
