pitcher,n,observed_whiff,shrunk_whiff
pitcher_00118,92,0.5108695652173914,0.4688355265832266
pitcher_00724,289,0.45674740484429066,0.4447809385623054
pitcher_00626,330,0.42727272727272725,0.4181638351468465
pitcher_00768,45,0.4666666666666667,0.4048837535227192
pitcher_00212,55,0.45454545454545453,0.404205413219929
pitcher_00043,13,0.6153846153846154,0.40342621147218694
pitcher_00005,76,0.4342105263157895,0.39895448159169955
pitcher_00805,42,0.4523809523809524,0.3915717712093344
pitcher_00493,128,0.3984375,0.38001851017708743
pitcher_00707,7,0.7142857142857143,0.37927836411708127
pitcher_00838,7,0.7142857142857143,0.37927836411708127
pitcher_00297,162,0.3888888888888889,0.37487520381310907
pitcher_01011,147,0.3877551020408163,0.372577142880958
pitcher_00225,88,0.3977272727272727,0.3724061969988809
pitcher_00682,839,0.37187127532777114,0.36927878155118177
pitcher_00668,60,0.4,0.3649690670157518
pitcher_00545,82,0.3902439024390244,0.36467289762606575
pitcher_00172,146,0.3767123287671233,0.3625926856909588
pitcher_00064,91,0.38461538461538464,0.3620611615103791
pitcher_00240,344,0.3633720930232558,0.35762489208327414
pitcher_00152,17,0.47058823529411764,0.3559581986217881
pitcher_00655,3,1.0,0.3551287562877621
pitcher_00619,745,0.35570469798657717,0.353152974389899
pitcher_00995,23,0.43478260869565216,0.3525640977444798
pitcher_00389,568,0.35563380281690143,0.3523120731753925
pitcher_00933,6,0.6666666666666666,0.3522853343768811
pitcher_00449,550,0.35454545454545455,0.35115089546639605
pitcher_00402,49,0.3877551020408163,0.35003867977898895
pitcher_01103,362,0.35359116022099446,0.34855553134349954
pitcher_00469,147,0.36054421768707484,0.34818624856224667
pitcher_00222,241,0.35269709543568467,0.34535865270671817
pitcher_00578,383,0.34986945169712796,0.34525632987711663
pitcher_00196,199,0.35175879396984927,0.3430672332282816
pitcher_00482,176,0.3522727272727273,0.34250010309372325
pitcher_00595,593,0.3440134907251265,0.34115166229504296
pitcher_00467,464,0.3426724137931034,0.33909044695571605
pitcher_00642,237,0.3459915611814346,0.3389862383069511
pitcher_00560,459,0.3420479302832244,0.338450634847942
pitcher_00491,7,0.5714285714285714,0.33760410356250176
pitcher_00793,191,0.34554973821989526,0.33703123067387075
pitcher_00540,13,0.46153846153846156,0.3367498249832858
pitcher_00763,13,0.46153846153846156,0.3367498249832858
pitcher_00806,16,0.4375,0.33643919366727604
pitcher_00053,251,0.3426294820717131,0.33620332969970285
pitcher_00287,19,0.42105263157894735,0.3361803405272841
pitcher_00738,19,0.42105263157894735,0.3361803405272841
pitcher_00006,25,0.4,0.33577358285990677
pitcher_00476,28,0.39285714285714285,0.33561088374637593
pitcher_00108,180,0.34444444444444444,0.33554563189452863
pitcher_00429,675,0.3377777777777778,0.3354082209281578
pitcher_00206,58,0.3620689655172414,0.3346998104560818
pitcher_00039,85,0.35294117647058826,0.3343380804142992
pitcher_00792,103,0.34951456310679613,0.33418736285940076
pitcher_00107,124,0.3467741935483871,0.3340601630272858
pitcher_00804,124,0.3467741935483871,0.3340601630272858
pitcher_00204,447,0.33557046979865773,0.332117401919406
pitcher_00208,264,0.3371212121212121,0.3313255196707461
pitcher_01075,385,0.33506493506493507,0.3311006717516324
pitcher_00742,594,0.3333333333333333,0.3307732710512937
pitcher_00027,62,0.3548387096774194,0.3304109750369331
pitcher_00058,259,0.3359073359073359,0.3300813970528265
pitcher_00609,229,0.33624454148471616,0.32968481240733116
pitcher_00343,579,0.3316062176165803,0.32903097482011257
pitcher_00700,35,0.37142857142857144,0.3288934690660687
pitcher_00279,108,0.3425925925925926,0.32881968054990046
pitcher_00407,160,0.3375,0.3282624724966632
pitcher_01060,773,0.3298835705045278,0.3279777928948419
pitcher_00616,353,0.3314447592067989,0.32730392821601234
pitcher_00264,20,0.4,0.3270933113199297
pitcher_00849,228,0.3333333333333333,0.3269487832113272
pitcher_00797,152,0.3355263157894737,0.32604998790585493
pitcher_01094,103,0.33980582524271846,0.3258537258148328
pitcher_00577,257,0.33073929961089493,0.3251914021943493
pitcher_00864,11,0.45454545454545453,0.3250872766386159
pitcher_00028,11,0.45454545454545453,0.3250872766386159
pitcher_01127,655,0.3267175572519084,0.3245572045055448
pitcher_00325,119,0.33613445378151263,0.3242826487280601
pitcher_00730,101,0.33663366336633666,0.3229019846523922
pitcher_00307,5,0.6,0.32283790494289155
pitcher_00421,5,0.6,0.32283790494289155
pitcher_00817,5,0.6,0.32283790494289155
pitcher_00926,67,0.34328358208955223,0.3226480128368073
pitcher_00966,33,0.36363636363636365,0.32204860913860345
pitcher_00138,323,0.32507739938080493,0.32088948643458604
pitcher_00548,246,0.3252032520325203,0.31978106669325745
pitcher_01093,240,0.325,0.31946466597905465
pitcher_00420,187,0.32620320855614976,0.319129498484485
pitcher_00386,314,0.321656050955414,0.31752994167831217
pitcher_00233,333,0.3213213213213213,0.317435457949478
pitcher_00909,18,0.3888888888888889,0.3172116943924594
pitcher_01056,100,0.33,0.3171146058046177
pitcher_00614,15,0.4,0.3157000841574267
pitcher_01050,798,0.31704260651629074,0.31546306951718495
pitcher_00479,126,0.3253968253968254,0.3154014082996069
pitcher_00258,472,0.3177966101694915,0.3151378327896802
pitcher_00739,82,0.32926829268292684,0.31416561598358594
pitcher_00425,12,0.4166666666666667,0.31387567980697345
pitcher_00136,12,0.4166666666666667,0.31387567980697345
pitcher_00293,114,0.32456140350877194,0.3137587343737926
pitcher_01034,386,0.3160621761658031,0.3129091575372889
pitcher_00046,73,0.3287671232876712,0.312248751104262
pitcher_00733,9,0.4444444444444444,0.31163018823974986
pitcher_00012,9,0.4444444444444444,0.31163018823974986
pitcher_00854,9,0.4444444444444444,0.31163018823974986
pitcher_00888,9,0.4444444444444444,0.31163018823974986
pitcher_00879,9,0.4444444444444444,0.31163018823974986
pitcher_00013,9,0.4444444444444444,0.31163018823974986
pitcher_01110,619,0.3134087237479806,0.311481736234294
pitcher_00054,578,0.31314878892733566,0.3110964412773232
pitcher_01099,318,0.31446540880503143,0.31075337629757394
pitcher_00087,199,0.3165829145728643,0.31065916966525486
pitcher_00979,183,0.31693989071038253,0.31051190001821655
pitcher_00177,167,0.31736526946107785,0.3103390176498907
pitcher_01120,264,0.3143939393939394,0.30997287418623176
pitcher_00249,6,0.5,0.30879880486062683
pitcher_00488,6,0.5,0.30879880486062683
pitcher_00454,6,0.5,0.30879880486062683
pitcher_00350,6,0.5,0.30879880486062683
pitcher_00628,6,0.5,0.30879880486062683
pitcher_00729,6,0.5,0.30879880486062683
pitcher_00181,6,0.5,0.30879880486062683
pitcher_00613,6,0.5,0.30879880486062683
pitcher_00699,327,0.3119266055045872,0.30843712479670166
pitcher_00591,19,0.3684210526315789,0.30839918789323806
pitcher_00632,139,0.31654676258992803,0.3083485291193041
pitcher_00478,817,0.30966952264381886,0.3082762232930428
pitcher_00189,120,0.31666666666666665,0.3073165403608261
pitcher_00973,29,0.3448275862068966,0.30657310387338
pitcher_00799,91,0.31868131868131866,0.30650335623286434
pitcher_00378,153,0.3137254901960784,0.3064844846506976
pitcher_00953,264,0.3106060606060606,0.3064140999388127
pitcher_00438,78,0.32051282051282054,0.30634065012199563
pitcher_01076,421,0.3087885985748218,0.30616977400525125
pitcher_00079,258,0.31007751937984496,0.3058267618698587
pitcher_01097,88,0.3181818181818182,0.30573675352932617
pitcher_00257,3,0.6666666666666666,0.30511782069055793
pitcher_00647,292,0.3082191780821918,0.30453836207014556
pitcher_00970,256,0.30859375,0.30440422451667976
pitcher_01082,513,0.3060428849902534,0.30396670071629894
pitcher_00142,36,0.3333333333333333,0.3038179382841192
pitcher_00349,36,0.3333333333333333,0.3038179382841192
pitcher_00529,399,0.3057644110275689,0.3031306435656837
pitcher_00643,314,0.3057324840764331,0.3024240019123291
pitcher_00657,195,0.3076923076923077,0.3023695490322788
pitcher_00573,321,0.3052959501557632,0.3020779382235109
pitcher_00895,675,0.3022222222222222,0.3007259208190647
pitcher_01009,10,0.4,0.3000864596388319
pitcher_00593,10,0.4,0.3000864596388319
pitcher_00102,20,0.35,0.30006308940659016
pitcher_00356,30,0.3333333333333333,0.3000496648794593
pitcher_00872,30,0.3333333333333333,0.3000496648794593
pitcher_00857,40,0.325,0.3000409510741519
pitcher_01021,40,0.325,0.3000409510741519
pitcher_01088,60,0.31666666666666665,0.3000303138273633
pitcher_00456,130,0.3076923076923077,0.30001587824201414
pitcher_00747,337,0.3026706231454006,0.2997241040270199
pitcher_00455,157,0.3057324840764331,0.2994386872261883
pitcher_00878,314,0.30254777070063693,0.2994028139591325
pitcher_01025,137,0.30656934306569344,0.2993657873931508
pitcher_01053,77,0.3116883116883117,0.29896095200091194
pitcher_00901,164,0.3048780487804878,0.29890789644231375
pitcher_00683,171,0.30409356725146197,0.29841663355120973
pitcher_00451,681,0.29955947136563876,0.29814086805390694
pitcher_00581,776,0.29896907216494845,0.297733069505938
pitcher_01125,209,0.3014354066985646,0.2969129227056428
pitcher_00856,135,0.3037037037037037,0.2967257875860562
pitcher_00182,243,0.3004115226337449,0.2965473805109847
pitcher_00183,206,0.30097087378640774,0.29642295241568084
pitcher_00815,7,0.42857142857142855,0.29592984300792236
pitcher_00210,105,0.3047619047619048,0.29592062452356643
pitcher_00779,105,0.3047619047619048,0.29592062452356643
pitcher_00876,572,0.2972027972027972,0.295589668496623
pitcher_00728,553,0.2965641952983725,0.2949163364909473
pitcher_00049,150,0.3,0.2940257958398454
pitcher_00900,14,0.35714285714285715,0.29362277879828547
pitcher_00034,14,0.35714285714285715,0.29362277879828547
pitcher_01068,106,0.3018867924528302,0.29351468024391336
pitcher_00383,106,0.3018867924528302,0.29351468024391336
pitcher_01065,287,0.2961672473867596,0.2930996837338961
pitcher_00762,171,0.2982456140350877,0.2930973608773718
pitcher_00379,318,0.29559748427672955,0.29284269472005636
pitcher_00599,62,0.3064516129032258,0.29243418917352876
pitcher_01087,240,0.29583333333333334,0.2922268483966887
pitcher_00704,21,0.3333333333333333,0.292165783444598
pitcher_00018,110,0.3,0.292144091937257
pitcher_00234,203,0.2955665024630542,0.2913740741296651
pitcher_00241,107,0.29906542056074764,0.29114754288581624
pitcher_00721,702,0.292022792022792,0.29082377455064096
pitcher_00945,4,0.5,0.29058537425328734
pitcher_00321,35,0.3142857142857143,0.29042869565614005
pitcher_00574,97,0.29896907216494845,0.29037098176947507
pitcher_00794,166,0.29518072289156627,0.2901764539398635
pitcher_00587,435,0.29195402298850576,0.2900493152986324
pitcher_00198,1087,0.2907083716651334,0.2899477265133201
pitcher_00391,253,0.2924901185770751,0.28926772998847616
pitcher_00030,139,0.2949640287769784,0.2891172207607001
pitcher_00989,56,0.30357142857142855,0.289072414283806
pitcher_01013,108,0.2962962962962963,0.28881828105057156
pitcher_00950,18,0.3333333333333333,0.28863669534845404
pitcher_00648,18,0.3333333333333333,0.28863669534845404
pitcher_01119,18,0.3333333333333333,0.28863669534845404
pitcher_00789,174,0.29310344827586204,0.28849363199758876
pitcher_00913,577,0.28942807625649913,0.2880509794203615
pitcher_00997,216,0.2916666666666667,0.2879926245514696
pitcher_00124,91,0.2967032967032967,0.2879840878070261
pitcher_00480,46,0.30434782608695654,0.28733775645348086
pitcher_00266,67,0.29850746268656714,0.286931867636939
pitcher_00163,304,0.2894736842105263,0.2869229808181879
pitcher_00884,189,0.291005291005291,0.2869042561201452
pitcher_01016,81,0.2962962962962963,0.2867579195997856
pitcher_01117,438,0.2876712328767123,0.28593906052676266
pitcher_00850,564,0.2872340425531915,0.28589031381496366
pitcher_00080,190,0.2894736842105263,0.28551821593818744
pitcher_00772,162,0.29012345679012347,0.2854875450562702
pitcher_00719,64,0.296875,0.2852132020406529
pitcher_00437,64,0.296875,0.2852132020406529
pitcher_01106,22,0.3181818181818182,0.2846735129507716
pitcher_00934,296,0.28716216216216217,0.28467177954472656
pitcher_00250,946,0.2854122621564482,0.2846337142585973
pitcher_00996,15,0.3333333333333333,0.2844458127900934
pitcher_01124,15,0.3333333333333333,0.2844458127900934
pitcher_00395,321,0.2866043613707165,0.284326229249439
pitcher_00761,8,0.375,0.28409057822967765
pitcher_00097,8,0.375,0.28409057822967765
pitcher_00695,163,0.2883435582822086,0.2839014646038592
pitcher_00413,290,0.28620689655172415,0.283720725857567
pitcher_00918,128,0.2890625,0.2834638738964615
pitcher_00820,1,1.0,0.28345898297764144
pitcher_00441,263,0.28517110266159695,0.2825080626248368
pitcher_00328,40,0.3,0.2824957452822297
pitcher_01077,125,0.288,0.28241026131860264
pitcher_00199,373,0.28418230563002683,0.28231347867688145
pitcher_00403,745,0.2832214765100671,0.2822864259392054
pitcher_00008,33,0.30303030303030304,0.282045110206653
pitcher_00119,143,0.2867132867132867,0.28188909267514956
pitcher_00235,548,0.28284671532846717,0.2815969089384459
pitcher_00886,26,0.3076923076923077,0.2814477418109759
pitcher_00218,51,0.29411764705882354,0.28091544955893577
pitcher_00461,927,0.2815533980582524,0.28082865486274355
pitcher_00335,44,0.29545454545454547,0.28036472395949286
pitcher_00562,726,0.2809917355371901,0.28008377783697486
pitcher_00306,37,0.2972972972972973,0.27967120608480656
pitcher_00608,105,0.2857142857142857,0.27952659423074655
pitcher_00790,395,0.2810126582278481,0.2793743782292901
pitcher_00848,338,0.28106508875739644,0.2791612476010904
pitcher_00547,675,0.28,0.2790494832508816
pitcher_00558,177,0.2824858757062147,0.27887753431767415
pitcher_00167,256,0.28125,0.2787627881165247
pitcher_00942,213,0.28169014084507044,0.2787053952383304
pitcher_00281,213,0.28169014084507044,0.2787053952383304
pitcher_00115,864,0.2789351851851852,0.2782091245567357
pitcher_00112,138,0.2826086956521739,0.2780789559046443
pitcher_00483,466,0.27896995708154504,0.27764438150042087
pitcher_00844,866,0.27829099307159355,0.2775789761932813
pitcher_00570,5,0.4,0.27737432198439815
pitcher_00580,5,0.4,0.27737432198439815
pitcher_00694,5,0.4,0.27737432198439815
pitcher_00908,5,0.4,0.27737432198439815
pitcher_00883,5,0.4,0.27737432198439815
pitcher_00470,748,0.27807486631016043,0.27725782297277607
pitcher_00624,359,0.2785515320334262,0.27686764060584046
pitcher_00260,843,0.2775800711743772,0.27686306145089545
pitcher_00316,258,0.27906976744186046,0.27673539014337234
pitcher_00002,240,0.2791666666666667,0.27666238120676534
pitcher_00907,63,0.2857142857142857,0.276277878607503
pitcher_00684,197,0.27918781725888325,0.2761786441804676
pitcher_00422,545,0.27706422018348625,0.27598261387424233
pitcher_00658,324,0.2777777777777778,0.2759596155329793
pitcher_01027,690,0.2768115942028985,0.2759578909323957
pitcher_00471,16,0.3125,0.2758251002567471
pitcher_00161,437,0.2768878718535469,0.27555556636503264
pitcher_00224,550,0.27636363636363637,0.2753125680194435
pitcher_00171,67,0.2835820895522388,0.2750264859036496
pitcher_01007,67,0.2835820895522388,0.2750264859036496
pitcher_01066,278,0.27697841726618705,0.2749227944489307
pitcher_00702,759,0.2753623188405797,0.2746162667808022
pitcher_00957,202,0.27722772277227725,0.2744393709967456
pitcher_01069,468,0.27564102564102566,0.27443757162972815
pitcher_00065,111,0.27927927927927926,0.27423610436988216
pitcher_00633,122,0.2786885245901639,0.2741166966700815
pitcher_00566,772,0.27461139896373055,0.2738938147812622
pitcher_00309,345,0.2753623188405797,0.273763036714051
pitcher_00338,1150,0.27391304347826084,0.273438061584643
pitcher_00318,137,0.2773722627737226,0.27339102378940844
pitcher_00194,192,0.2760416666666667,0.273216348802229
pitcher_00640,9,0.3333333333333333,0.273162179337211
pitcher_00921,9,0.3333333333333333,0.273162179337211
pitcher_01096,9,0.3333333333333333,0.273162179337211
pitcher_00086,20,0.3,0.2730328674932507
pitcher_00245,20,0.3,0.2730328674932507
pitcher_00948,390,0.2743589743589744,0.272978417344286
pitcher_00184,53,0.2830188679245283,0.2728887923881308
pitcher_00360,75,0.28,0.2728501662852859
pitcher_00394,306,0.27450980392156865,0.272762275275152
pitcher_00262,824,0.27305825242718446,0.2724164249719061
pitcher_00791,189,0.2751322751322751,0.27234084014960813
pitcher_00993,274,0.2737226277372263,0.2718289032026613
pitcher_00598,333,0.2732732732732733,0.2717206010238241
pitcher_01020,613,0.2724306688417618,0.2715908091916224
pitcher_00816,315,0.273015873015873,0.27139219554857996
pitcher_00890,164,0.27439024390243905,0.2712829195814027
pitcher_00123,352,0.2727272727272727,0.27127969764266513
pitcher_00259,142,0.2746478873239437,0.27108306647937
pitcher_00509,382,0.27225130890052357,0.2709328494067122
pitcher_00582,24,0.2916666666666667,0.2707855187551124
pitcher_00536,87,0.27586206896551724,0.2702134977629834
pitcher_01107,87,0.27586206896551724,0.2702134977629834
pitcher_00767,1105,0.27058823529411763,0.2701445663688893
pitcher_00351,13,0.3076923076923077,0.27007343849438475
pitcher_00283,13,0.3076923076923077,0.27007343849438475
pitcher_00083,350,0.2714285714285714,0.2700332506241925
pitcher_00821,650,0.27076923076923076,0.2700182952229002
pitcher_00606,139,0.2733812949640288,0.2698859124020961
pitcher_00274,629,0.2702702702702703,0.26950805059168825
pitcher_00502,117,0.27350427350427353,0.26941940518327745
pitcher_01102,307,0.2703583061889251,0.2688339436239829
pitcher_00920,393,0.2697201017811705,0.26854194257845715
pitcher_00336,2,0.5,0.2685366544232012
pitcher_00414,2,0.5,0.2685366544232012
pitcher_00572,2,0.5,0.2685366544232012
pitcher_00216,2,0.5,0.2685366544232012
pitcher_00894,110,0.2727272727272727,0.26852123123299887
pitcher_01002,73,0.273972602739726,0.2678021469092449
pitcher_00839,17,0.29411764705882354,0.26771155369536287
pitcher_00424,32,0.28125,0.26739166176866547
pitcher_00723,1402,0.2674750356633381,0.26716151544761785
pitcher_00355,257,0.26848249027237353,0.26679630957307054
pitcher_00675,336,0.26785714285714285,0.26657843589291275
pitcher_00726,156,0.2692307692307692,0.2664866327671515
pitcher_00170,434,0.2672811059907834,0.2663019659891735
pitcher_00713,36,0.2777777777777778,0.26607897520595425
pitcher_01109,882,0.26643990929705214,0.26596461088517026
pitcher_00511,555,0.26666666666666666,0.2659129107686519
pitcher_00975,21,0.2857142857142857,0.2658469650334098
pitcher_00965,337,0.26706231454005935,0.2658253801606577
pitcher_00862,85,0.27058823529411763,0.26570768688398916
pitcher_01100,70,0.2714285714285714,0.2655423372304157
pitcher_00267,266,0.2669172932330827,0.26537873718578436
pitcher_00745,6,0.3333333333333333,0.26531227534437263
pitcher_00308,6,0.3333333333333333,0.26531227534437263
pitcher_00685,138,0.26811594202898553,0.2651753660269514
pitcher_00714,1425,0.26526315789473687,0.26498070796316425
pitcher_00193,474,0.26582278481012656,0.26497389175778735
pitcher_01118,191,0.2670157068062827,0.2649143297720779
pitcher_01071,263,0.2661596958174905,0.2646506408550218
pitcher_01078,161,0.2670807453416149,0.2646189848368843
pitcher_00583,112,0.26785714285714285,0.2643579702284869
pitcher_00237,25,0.28,0.2643375731017242
pitcher_00139,529,0.2646502835538752,0.2639233997417131
pitcher_01092,730,0.26438356164383564,0.2638583346377875
pitcher_00332,325,0.26461538461538464,0.2634566497594909
pitcher_01018,576,0.2638888888888889,0.2632414389149546
pitcher_00983,485,0.2639175257731959,0.26315173881331516
pitcher_00786,181,0.26519337016574585,0.2631422870856016
pitcher_00751,1025,0.2634146341463415,0.2630539083075276
pitcher_00630,10,0.3,0.26304342261432867
pitcher_00722,204,0.2647058823529412,0.2629057547897131
pitcher_00847,1045,0.2631578947368421,0.26280807098053455
pitcher_00754,361,0.2631578947368421,0.2621750492405949
pitcher_00399,33,0.2727272727272727,0.2620433607406778
pitcher_00055,205,0.2634146341463415,0.2617214713032454
pitcher_01030,312,0.26282051282051283,0.261708712989437
pitcher_00477,553,0.26220614828209765,0.26158274740814336
pitcher_00818,343,0.26239067055393583,0.26139490333651816
pitcher_00709,102,0.2647058823529412,0.261362731600424
pitcher_00677,14,0.2857142857142857,0.26136016287795827
pitcher_00506,14,0.2857142857142857,0.26136016287795827
pitcher_00679,194,0.26288659793814434,0.26114769725139586
pitcher_00904,1236,0.2613268608414239,0.2610551984960266
pitcher_00925,152,0.2631578947368421,0.260959546137317
pitcher_00370,1495,0.2608695652173913,0.26064957800372246
pitcher_00168,183,0.26229508196721313,0.2605108066737109
pitcher_00165,279,0.2616487455197133,0.2604802743284311
pitcher_00676,18,0.2777777777777778,0.2600616963044487
pitcher_00731,18,0.2777777777777778,0.2600616963044487
pitcher_00508,395,0.2607594936708861,0.2599566963870423
pitcher_00858,145,0.2620689655172414,0.25988986801976605
pitcher_00269,619,0.26009693053311794,0.25959458699348237
pitcher_00446,881,0.2599318955732123,0.2595792397112882
pitcher_00557,547,0.2595978062157221,0.25904637399000796
pitcher_00211,520,0.25961538461538464,0.25903567017421547
pitcher_00902,540,0.25925925925925924,0.25871122704609023
pitcher_00991,208,0.25961538461538464,0.25823178385747475
pitcher_00612,57,0.2631578947368421,0.2581371750564975
pitcher_00100,243,0.25925925925925924,0.25808519510329925
pitcher_00373,619,0.25848142164781907,0.25802224913770017
pitcher_00988,616,0.25811688311688313,0.2576653221021084
pitcher_00246,453,0.2582781456953642,0.25766414656488007
pitcher_00689,30,0.26666666666666666,0.2574925135083791
pitcher_00410,333,0.25825825825825827,0.2574347082345572
pitcher_00121,100,0.26,0.2572833095725293
pitcher_00122,279,0.25806451612903225,0.257101846035117
pitcher_00130,587,0.2572402044293015,0.2567916309101594
pitcher_00759,369,0.25745257452574527,0.25674130790067246
pitcher_00985,151,0.2582781456953642,0.2565603813000979
pitcher_00474,194,0.25773195876288657,0.2564082625268156
pitcher_00088,323,0.25696594427244585,0.256182771785363
pitcher_00226,245,0.2571428571428571,0.25611504622458164
pitcher_00940,609,0.2561576354679803,0.25575421810357374
pitcher_00504,46,0.2608695652173913,0.2555895208344359
pitcher_00430,594,0.2558922558922559,0.25548631646682096
pitcher_01129,324,0.25617283950617287,0.2554314930248365
pitcher_01006,187,0.25668449197860965,0.2554026421338046
pitcher_00840,344,0.2558139534883721,0.25513057563842806
pitcher_00066,3,0.3333333333333333,0.2551068850933538
pitcher_00272,3,0.3333333333333333,0.2551068850933538
pitcher_00556,3,0.3333333333333333,0.2551068850933538
pitcher_00867,3,0.3333333333333333,0.2551068850933538
pitcher_00596,3,0.3333333333333333,0.2551068850933538
pitcher_01028,576,0.2552083333333333,0.2548096735279544
pitcher_00703,321,0.2554517133956386,0.2547400476259859
pitcher_00896,7,0.2857142857142857,0.2542555824533429
pitcher_00385,7,0.2857142857142857,0.2542555824533429
pitcher_00899,7,0.2857142857142857,0.2542555824533429
pitcher_00001,7,0.2857142857142857,0.2542555824533429
pitcher_01042,7,0.2857142857142857,0.2542555824533429
pitcher_00453,7,0.2857142857142857,0.2542555824533429
pitcher_00645,7,0.2857142857142857,0.2542555824533429
pitcher_01010,7,0.2857142857142857,0.2542555824533429
pitcher_00007,7,0.2857142857142857,0.2542555824533429
pitcher_01044,322,0.2546583850931677,0.25398859236359045
pitcher_00021,263,0.25475285171102663,0.2539361877931328
pitcher_00300,137,0.25547445255474455,0.2539099510866017
pitcher_00660,397,0.25440806045340053,0.2538698847635636
pitcher_00749,917,0.25408942202835333,0.25385667262776757
pitcher_00388,212,0.25471698113207547,0.2537210988708847
pitcher_01019,618,0.2540453074433657,0.25370414420044884
pitcher_00094,283,0.254416961130742,0.253673771448188
pitcher_00752,228,0.2543859649122807,0.25347808399453026
pitcher_00406,15,0.26666666666666666,0.2531915414227602
pitcher_01041,15,0.26666666666666666,0.2531915414227602
pitcher_00473,94,0.2553191489361702,0.2531723355093283
pitcher_00219,572,0.2534965034965035,0.2531445316128033
pitcher_00964,426,0.2535211267605634,0.2530522092916243
pitcher_00207,106,0.25471698113207547,0.25286282835750623
pitcher_00485,19,0.2631578947368421,0.25283688262514586
pitcher_00408,19,0.2631578947368421,0.25283688262514586
pitcher_00357,19,0.2631578947368421,0.25283688262514586
pitcher_01073,593,0.25295109612141653,0.25262643746585106
pitcher_00268,23,0.2608695652173913,0.25255316334301775
pitcher_00885,134,0.2537313432835821,0.2523319573928783
pitcher_01095,27,0.25925925925925924,0.25232103451263144
pitcher_00324,352,0.2528409090909091,0.25230928310884443
pitcher_00036,253,0.25296442687747034,0.2522300930401594
pitcher_00644,35,0.2571428571428571,0.25196392224621145
pitcher_00271,170,0.2529411764705882,0.25188301391961515
pitcher_00215,174,0.25287356321839083,0.25184357817017994
pitcher_00662,317,0.25236593059936907,0.25180276422758524
pitcher_00003,47,0.2553191489361702,0.2515956616608666
pitcher_00871,47,0.2553191489361702,0.2515956616608666
pitcher_00068,47,0.2553191489361702,0.2515956616608666
pitcher_01072,520,0.2519230769230769,0.25158681993971715
pitcher_00825,51,0.2549019607843137,0.25150179317326554
pitcher_01003,584,0.2517123287671233,0.2514178395484678
pitcher_00128,234,0.25213675213675213,0.25140287451467264
pitcher_00404,1084,0.25092250922509224,0.2507739498208152
pitcher_00690,143,0.2517482517482518,0.25063823849508493
pitcher_00393,155,0.25161290322580643,0.25059370909577877
pitcher_00764,391,0.2506393861892583,0.2502502854475131
pitcher_00345,487,0.25051334702258726,0.2502026116152663
pitcher_00705,1227,0.2502037489812551,0.2500820865972703
pitcher_00967,604,0.25,0.24976185881893362
pitcher_00519,1441,0.2498265093684941,0.2497271016286384
pitcher_00468,508,0.25,0.24971831264022484
pitcher_00638,352,0.25,0.24959922388972713
pitcher_00807,693,0.24963924963924963,0.24943959565804222
pitcher_00236,1114,0.2495511669658887,0.24942715549319683
pitcher_00344,453,0.24944812362030905,0.24915342907600574
pitcher_00484,534,0.24906367041198502,0.24882415648951123
pitcher_00286,84,0.25,0.24853573232039955
pitcher_00120,80,0.25,0.24847534742556865
pitcher_00537,217,0.2488479262672811,0.24829960654579344
pitcher_00462,213,0.24882629107981222,0.24827003392341843
pitcher_00334,447,0.2483221476510067,0.2480648855715831
pitcher_00059,665,0.24812030075187969,0.24795030264532414
pitcher_00311,153,0.24836601307189543,0.24765944195350073
pitcher_00475,359,0.2479108635097493,0.24761198118227598
pitcher_00833,44,0.25,0.24757548794984519
pitcher_00659,250,0.248,0.24757342605214716
pitcher_00243,331,0.24773413897280966,0.24741983932254355
pitcher_00126,117,0.24786324786324787,0.24703061479146543
pitcher_00976,336,0.24702380952380953,0.24674816188898036
pitcher_00489,170,0.24705882352941178,0.2465352952721082
pitcher_00986,600,0.24666666666666667,0.24651880088127975
pitcher_00943,308,0.24675324675324675,0.2464679997587137
pitcher_00810,308,0.24675324675324675,0.2464679997587137
pitcher_00298,235,0.24680851063829787,0.2464369039110755
pitcher_00231,24,0.25,0.24639267297943104
pitcher_00105,24,0.25,0.24639267297943104
pitcher_00590,24,0.25,0.24639267297943104
pitcher_00563,300,0.24666666666666667,0.24637886287621827
pitcher_00559,499,0.24649298597194388,0.2463218978345678
pitcher_00834,881,0.246311010215664,0.2462161456794576
pitcher_00434,20,0.25,0.2460026455799112
pitcher_00635,20,0.25,0.2460026455799112
pitcher_00803,81,0.24691358024691357,0.24593977154582455
pitcher_00229,191,0.24607329842931938,0.24568315619826647
pitcher_00861,16,0.25,0.24551805355148268
pitcher_00428,236,0.2457627118644068,0.24546282816475384
pitcher_00765,179,0.24581005586592178,0.24541885374168443
pitcher_00098,69,0.2463768115942029,0.24537319922918688
pitcher_00977,122,0.2459016393442623,0.2453388128297024
pitcher_00716,122,0.2459016393442623,0.2453388128297024
pitcher_01063,656,0.24542682926829268,0.24532257787864578
pitcher_00091,118,0.2457627118644068,0.24520069910606165
pitcher_00290,12,0.25,0.24489976080103895
pitcher_00769,61,0.2459016393442623,0.2448986289523107
pitcher_00905,547,0.2449725776965265,0.2448618668395552
pitcher_00174,351,0.245014245014245,0.2448426435147829
pitcher_00164,409,0.24449877750611246,0.2443711050499278
pitcher_00928,135,0.24444444444444444,0.2440926943006606
pitcher_00543,8,0.25,0.24408357975359704
pitcher_00841,1783,0.24397083567021874,0.24394560493913173
pitcher_00315,459,0.2440087145969499,0.24391195114130154
pitcher_00465,693,0.24386724386724387,0.2438057581392219
pitcher_00365,78,0.24358974358974358,0.24317984780594643
pitcher_00288,843,0.2431791221826809,0.24314195973938335
pitcher_00014,4,0.25,0.2429564078285139
pitcher_01123,4,0.25,0.2429564078285139
pitcher_00870,4,0.25,0.2429564078285139
pitcher_00952,461,0.24295010845986983,0.2428913897072305
pitcher_00302,556,0.24280575539568344,0.24276105359521738
pitcher_00317,107,0.24299065420560748,0.24275873951564064
pitcher_01104,379,0.24274406332453827,0.2426820286981348
pitcher_00893,173,0.24277456647398843,0.24264254311463035
pitcher_00146,206,0.24271844660194175,0.24261023789461847
pitcher_00863,165,0.24242424242424243,0.2423191306450863
pitcher_00954,760,0.24210526315789474,0.2420876200321035
pitcher_00019,1264,0.24208860759493672,0.2420781270284378
pitcher_00197,95,0.24210526315789474,0.24198285988213125
pitcher_01035,281,0.24199288256227758,0.24195328918616676
pitcher_00057,281,0.24199288256227758,0.24195328918616676
pitcher_00158,62,0.24193548387096775,0.24179847468898966
pitcher_00452,62,0.24193548387096775,0.24179847468898966
pitcher_01040,642,0.24143302180685358,0.24142955673300118
pitcher_00368,87,0.2413793103448276,0.24136613086219746
pitcher_00419,87,0.2413793103448276,0.24136613086219746
pitcher_00312,29,0.2413793103448276,0.24134951167365504
pitcher_00427,286,0.24125874125874125,0.24126098069246582
pitcher_00826,54,0.24074074074074073,0.2408743022360995
pitcher_00974,939,0.24068157614483493,0.2406925467195553
pitcher_00736,449,0.24053452115812918,0.24056239076112898
pitcher_00829,208,0.2403846153846154,0.24045366052968045
pitcher_00530,408,0.24019607843137256,0.24024017102477224
pitcher_01045,100,0.24,0.24018865350621835
pitcher_00603,96,0.23958333333333334,0.2398413357637963
pitcher_00830,1789,0.23923979877026272,0.23925917408380484
pitcher_00299,134,0.23880597014925373,0.23908654066474744
pitcher_00827,42,0.23809523809523808,0.23901809052584874
pitcher_00418,264,0.23863636363636365,0.2387973892378506
pitcher_00038,147,0.23809523809523808,0.23842722412804548
pitcher_00617,1515,0.2382838283828383,0.2383172743316958
pitcher_00384,59,0.23728813559322035,0.2381850486565492
pitcher_00069,731,0.23803009575923392,0.23810436276074268
pitcher_01133,391,0.23785166240409208,0.23799525212711745
pitcher_00364,299,0.23745819397993312,0.23766475133699566
pitcher_00135,371,0.2371967654986523,0.237376443715567
pitcher_00151,232,0.23706896551724138,0.23735767100217514
pitcher_00314,34,0.23529411764705882,0.23729529032810404
pitcher_00531,93,0.23655913978494625,0.23729145263590903
pitcher_00247,127,0.23622047244094488,0.2368198453297088
pitcher_00082,89,0.23595505617977527,0.23681186502432014
pitcher_00892,1187,0.2367312552653749,0.23679572892193537
pitcher_00741,51,0.23529411764705882,0.23679496498043046
pitcher_00361,558,0.23655913978494625,0.23669922991303094
pitcher_00409,30,0.23333333333333334,0.23621393782283903
pitcher_01029,47,0.23404255319148937,0.2359695938920066
pitcher_00063,64,0.234375,0.23582781961814184
pitcher_01023,730,0.2356164383561644,0.23574572025438525
pitcher_00397,132,0.23484848484848486,0.23558424378418513
pitcher_00191,1198,0.2353923205342237,0.23547493979080358
pitcher_00017,285,0.23508771929824562,0.2354372572219531
pitcher_01059,26,0.23076923076923078,0.23493138299299954
pitcher_00611,26,0.23076923076923078,0.23493138299299954
pitcher_00514,720,0.23472222222222222,0.23487387953489838
pitcher_00564,537,0.2346368715083799,0.23484124381677782
pitcher_00938,1883,0.23473181093998938,0.2347905520277923
pitcher_01115,9,0.2222222222222222,0.2346941704346721
pitcher_00696,9,0.2222222222222222,0.2346941704346721
pitcher_01086,9,0.2222222222222222,0.2346941704346721
pitcher_00443,9,0.2222222222222222,0.2346941704346721
pitcher_00808,9,0.2222222222222222,0.2346941704346721
pitcher_00213,205,0.23414634146341465,0.23469391184761534
pitcher_00604,678,0.2345132743362832,0.23467920628181152
pitcher_00649,529,0.23440453686200377,0.2346191357200613
pitcher_00987,120,0.23333333333333334,0.23432150950036476
pitcher_00955,355,0.23380281690140844,0.23414528502922202
pitcher_00160,355,0.23380281690140844,0.23414528502922202
pitcher_00756,599,0.2337228714524207,0.23393189139227266
pitcher_00969,210,0.23333333333333334,0.23392971404457183
pitcher_00625,377,0.23342175066312998,0.23376153388989465
pitcher_00239,223,0.23318385650224216,0.2337585180809563
pitcher_00141,497,0.23340040241448692,0.23366156403778618
pitcher_00780,142,0.2323943661971831,0.23334617947268135
pitcher_00605,528,0.23295454545454544,0.23321475589248422
pitcher_00734,438,0.2328767123287671,0.2331913007886332
pitcher_00661,378,0.2328042328042328,0.23316972598601368
pitcher_00497,95,0.23157894736842105,0.23305393980455125
pitcher_00009,65,0.23076923076923078,0.2329517172080666
pitcher_00712,108,0.23148148148148148,0.23281632175151115
pitcher_00717,663,0.23227752639517346,0.23250299830689264
pitcher_00653,177,0.23163841807909605,0.23248473592175475
pitcher_00248,362,0.23204419889502761,0.23245920490017427
pitcher_00538,48,0.22916666666666666,0.2323390481797967
pitcher_00040,341,0.2316715542521994,0.23212859556234094
pitcher_00842,337,0.2314540059347181,0.2319266562942955
pitcher_00134,294,0.23129251700680273,0.2318393438789028
pitcher_00782,238,0.23109243697478993,0.23177268884249988
pitcher_01128,100,0.23,0.23164132547306288
pitcher_00998,316,0.2310126582278481,0.23153764152224973
pitcher_00512,18,0.2222222222222222,0.23148669726044335
pitcher_01121,31,0.22580645161290322,0.23129236571351636
pitcher_00846,31,0.22580645161290322,0.23129236571351636
pitcher_00600,191,0.23036649214659685,0.2312597760179079
pitcher_01126,70,0.22857142857142856,0.23105784515659955
pitcher_00869,122,0.22950819672131148,0.23094987090951288
pitcher_00127,521,0.23032629558541268,0.23067291978668555
pitcher_01004,526,0.2300380228136882,0.23039047810320365
pitcher_00516,1325,0.23018867924528302,0.2303293810304358
pitcher_00442,257,0.22957198443579765,0.23029937668477135
pitcher_01058,405,0.22962962962962963,0.23009959321781476
pitcher_00873,166,0.2289156626506024,0.2300657278131959
pitcher_00071,592,0.22972972972972974,0.2300525913503537
pitcher_00673,53,0.22641509433962265,0.230028971843866
pitcher_00910,140,0.22857142857142856,0.2299492208936127
pitcher_00390,314,0.22929936305732485,0.22991549103561026
pitcher_00828,40,0.225,0.22986012790646318
pitcher_00732,236,0.2288135593220339,0.22965227818846992
pitcher_00541,1120,0.2294642857142857,0.22964118411008386
pitcher_00755,798,0.22932330827067668,0.22957303807993068
pitcher_00261,271,0.22878228782287824,0.22952092294176843
pitcher_00330,341,0.2287390029325513,0.22933526534998944
pitcher_00615,14,0.21428571428571427,0.22909754695763113
pitcher_00073,14,0.21428571428571427,0.22909754695763113
pitcher_00551,14,0.21428571428571427,0.22909754695763113
pitcher_00584,250,0.228,0.2288465275577073
pitcher_00203,49,0.22448979591836735,0.22881852629470323
pitcher_00924,631,0.22820919175911253,0.22855250242600758
pitcher_00047,316,0.22784810126582278,0.22853459908034993
pitcher_00096,815,0.2282208588957055,0.22848800635816513
pitcher_00798,36,0.2222222222222222,0.22834001212778926
pitcher_00178,982,0.22810590631364563,0.22833035095147328
pitcher_00586,220,0.22727272727272727,0.2282785669791386
pitcher_00663,378,0.2275132275132275,0.2281063787874133
pitcher_00727,343,0.22740524781341107,0.22806116506471077
pitcher_00680,650,0.2276923076923077,0.22803900948486247
pitcher_00507,194,0.2268041237113402,0.22797165417933413
pitcher_00743,466,0.22746781115879827,0.22795449059374387
pitcher_00554,137,0.22627737226277372,0.22793518748285935
pitcher_00276,1,0.0,0.227889926356703
pitcher_00463,1,0.0,0.227889926356703
pitcher_00320,1,0.0,0.227889926356703
pitcher_00117,1,0.0,0.227889926356703
pitcher_00672,1,0.0,0.227889926356703
pitcher_00866,585,0.22735042735042735,0.2277442160086182
pitcher_00903,1090,0.22752293577981653,0.22773443359928358
pitcher_00494,146,0.22602739726027396,0.22761973921973008
pitcher_01132,168,0.2261904761904762,0.22757847195860875
pitcher_00214,23,0.21739130434782608,0.22755042974265222
pitcher_00588,608,0.22697368421052633,0.22736322619361937
pitcher_00440,265,0.22641509433962265,0.22731211399817036
pitcher_01033,648,0.22685185185185186,0.22722107631481286
pitcher_00822,657,0.2267884322678843,0.22715432560449678
pitcher_00802,358,0.22625698324022347,0.22693870537190047
pitcher_00217,596,0.22651006711409397,0.22692008879779305
pitcher_00232,151,0.2251655629139073,0.22679770177270306
pitcher_00382,257,0.22568093385214008,0.22664968339594144
pitcher_00811,425,0.22588235294117648,0.22647514137367963
pitcher_01001,439,0.2255125284738041,0.22610090098795504
pitcher_00499,10,0.2,0.2260003855898255
pitcher_00532,10,0.2,0.2260003855898255
pitcher_00868,10,0.2,0.2260003855898255
pitcher_00481,41,0.21951219512195122,0.2258967234065739
pitcher_00931,103,0.22330097087378642,0.2258500812800175
pitcher_00238,103,0.22330097087378642,0.2258500812800175
pitcher_00392,81,0.2222222222222222,0.22553069751884405
pitcher_00133,152,0.2236842105263158,0.22545566880902357
pitcher_00342,503,0.22465208747514911,0.22519616710355914
pitcher_00179,19,0.21052631578947367,0.22505572999109974
pitcher_00155,19,0.21052631578947367,0.22505572999109974
pitcher_00776,755,0.223841059602649,0.22422539203157668
pitcher_01039,831,0.22382671480144403,0.22417688966540408
pitcher_01064,37,0.21621621621621623,0.22411115090312034
pitcher_00641,37,0.21621621621621623,0.22411115090312034
pitcher_00052,568,0.22359154929577466,0.22410598654048425
pitcher_00145,220,0.22272727272727272,0.2240590798356414
pitcher_00533,1463,0.22351332877648666,0.22371756785643154
pitcher_01032,833,0.22328931572629052,0.22364941191700413
pitcher_00929,55,0.21818181818181817,0.22363889004775572
pitcher_00282,1026,0.22319688109161792,0.2234918498949092
pitcher_00949,73,0.2191780821917808,0.22335554271422786
pitcher_01134,879,0.2229806598407281,0.22332812357630455
pitcher_00157,888,0.22297297297297297,0.22331712560913997
pitcher_00725,288,0.2222222222222222,0.22328524110436626
pitcher_00303,1247,0.22293504410585405,0.22318196051040862
pitcher_01130,369,0.2222222222222222,0.22306216984787075
pitcher_00101,109,0.22018348623853212,0.22303172562013424
pitcher_00597,478,0.2217573221757322,0.22242827230114168
pitcher_00398,339,0.22123893805309736,0.22219661173019115
pitcher_00777,105,0.21904761904761905,0.22214748820587704
pitcher_00592,69,0.21739130434782608,0.22211620260809586
pitcher_00045,42,0.21428571428571427,0.222067681561017
pitcher_00085,24,0.20833333333333334,0.2219998272037497
pitcher_00962,24,0.20833333333333334,0.2219998272037497
pitcher_00774,515,0.22135922330097088,0.2219962272549063
pitcher_00527,6,0.16666666666666666,0.22182574582811837
pitcher_00435,6,0.16666666666666666,0.22182574582811837
pitcher_00294,570,0.22105263157894736,0.22163882680851288
pitcher_00319,931,0.22126745435016112,0.22162657308334185
pitcher_00458,313,0.22044728434504793,0.22152118430943393
pitcher_00535,146,0.2191780821917808,0.22148460528921968
pitcher_00150,119,0.2184873949579832,0.22133816192429867
pitcher_00775,309,0.22006472491909385,0.22117174630037453
pitcher_00056,282,0.2198581560283688,0.22107688588317964
pitcher_00517,368,0.22010869565217392,0.22104412658650663
pitcher_01090,83,0.21686746987951808,0.2210198862979543
pitcher_00401,1003,0.22033898305084745,0.22068822272484015
pitcher_00280,541,0.2199630314232902,0.2206128796592123
pitcher_01085,233,0.21888412017167383,0.22040794381439258
pitcher_00327,342,0.21929824561403508,0.22033979291240946
pitcher_00618,38,0.21052631578947367,0.2200360786786707
pitcher_01057,38,0.21052631578947367,0.2200360786786707
pitcher_00845,420,0.21904761904761905,0.21991300638237296
pitcher_00634,270,0.21851851851851853,0.219867538641999
pitcher_00301,502,0.21912350597609562,0.21984967921416068
pitcher_00304,220,0.21818181818181817,0.21983959269214423
pitcher_00188,202,0.21782178217821782,0.21964375621730584
pitcher_00242,29,0.20689655172413793,0.21960831427374672
pitcher_01015,102,0.21568627450980393,0.21934438069190137
pitcher_00251,93,0.21505376344086022,0.21910891156875723
pitcher_00753,431,0.21809744779582366,0.21897763325546016
pitcher_01037,998,0.218436873747495,0.2188196837514171
pitcher_01012,345,0.21739130434782608,0.21851375046893848
pitcher_01049,345,0.21739130434782608,0.21851375046893848
pitcher_00339,43,0.20930232558139536,0.21836628374736863
pitcher_00915,121,0.21487603305785125,0.21813026081628398
pitcher_00074,488,0.21721311475409835,0.21802371391423267
pitcher_00387,167,0.2155688622754491,0.21794551730821554
pitcher_00674,167,0.2155688622754491,0.21794551730821554
pitcher_00594,11,0.18181818181818182,0.21792768238266041
pitcher_00843,11,0.18181818181818182,0.21792768238266041
pitcher_00636,631,0.21711568938193343,0.21774996038500927
pitcher_00795,126,0.21428571428571427,0.2174963162253739
pitcher_00972,347,0.21613832853025935,0.217313111041265
pitcher_00865,232,0.21551724137931033,0.21727699703246467
pitcher_00836,209,0.215311004784689,0.21726536376198288
pitcher_00688,901,0.21642619311875694,0.2168866781635175
pitcher_00623,256,0.21484375,0.21649072828757673
pitcher_01089,62,0.20967741935483872,0.2164806174467201
pitcher_00875,321,0.21495327102803738,0.21627801151549683
pitcher_00935,187,0.21390374331550802,0.21618611514877045
pitcher_00024,113,0.21238938053097345,0.21616898011856034
pitcher_00692,76,0.21052631578947367,0.2161501863787367
pitcher_00788,39,0.20512820512820512,0.21610655611455443
pitcher_01101,599,0.21535893155258765,0.21607462175772255
pitcher_00092,2,0.0,0.21589295833113806
pitcher_00275,2,0.0,0.21589295833113806
pitcher_00372,2,0.0,0.21589295833113806
pitcher_00505,2,0.0,0.21589295833113806
pitcher_00371,2,0.0,0.21589295833113806
pitcher_00061,2,0.0,0.21589295833113806
pitcher_00341,53,0.20754716981132076,0.21574236499577773
pitcher_00358,104,0.21153846153846154,0.21571872269677678
pitcher_00186,1370,0.21532846715328466,0.21564669439892564
pitcher_00093,183,0.21311475409836064,0.21550982266365576
pitcher_00190,378,0.21428571428571427,0.21544801079091236
pitcher_00897,262,0.21374045801526717,0.21541922629579804
pitcher_00539,485,0.21443298969072164,0.2153425573729737
pitcher_00295,290,0.21379310344827587,0.21531584262020081
pitcher_00131,16,0.1875,0.21521100684621824
pitcher_00575,16,0.1875,0.21521100684621824
pitcher_00801,439,0.214123006833713,0.21513588354690746
pitcher_00110,109,0.21100917431192662,0.21509494220906167
pitcher_00666,1713,0.21482778750729714,0.21508783970363035
pitcher_01112,952,0.21428571428571427,0.214759505935381
pitcher_01083,58,0.20689655172413793,0.21469281279621716
pitcher_01052,58,0.20689655172413793,0.21469281279621716
pitcher_00289,1272,0.2138364779874214,0.21419857160454617
pitcher_00291,105,0.20952380952380953,0.2139504730594671
pitcher_01048,35,0.2,0.21349914883628285
pitcher_00416,213,0.2112676056338028,0.21348676384923332
pitcher_00922,96,0.20833333333333334,0.2132916356811777
pitcher_00466,429,0.21212121212121213,0.2132330820087474
pitcher_00710,181,0.20994475138121546,0.2126361210364769
pitcher_01022,134,0.208955223880597,0.21259570720848572
pitcher_00715,7,0.14285714285714285,0.21258132189876347
pitcher_00313,7,0.14285714285714285,0.21258132189876347
pitcher_00968,7,0.14285714285714285,0.21258132189876347
pitcher_00701,7,0.14285714285714285,0.21258132189876347
pitcher_00567,7,0.14285714285714285,0.21258132189876347
pitcher_00432,7,0.14285714285714285,0.21258132189876347
pitcher_00078,153,0.20915032679738563,0.2123644163351826
pitcher_00099,271,0.21033210332103322,0.2121595481980376
pitcher_01084,243,0.20987654320987653,0.21193057261407666
pitcher_00323,196,0.20918367346938777,0.21174623508685386
pitcher_00209,333,0.21021021021021022,0.21171985130890333
pitcher_00415,26,0.19230769230769232,0.21167320358401132
pitcher_00927,26,0.19230769230769232,0.21167320358401132
pitcher_00201,97,0.20618556701030927,0.21142058464332036
pitcher_00004,45,0.2,0.2113217131765432
pitcher_00495,490,0.21020408163265306,0.2112464415932185
pitcher_00255,509,0.21021611001964635,0.21122042922814138
pitcher_00622,1712,0.2108644859813084,0.21116364692057682
pitcher_01017,311,0.2090032154340836,0.21067665669491317
pitcher_00956,1379,0.21029731689630166,0.2106747445469693
pitcher_00154,31,0.1935483870967742,0.21045713408119046
pitcher_01055,12,0.16666666666666666,0.21041180129807172
pitcher_00691,112,0.20535714285714285,0.21009256466303972
pitcher_00175,422,0.20853080568720378,0.20979940674138894
pitcher_00450,222,0.2072072072072072,0.20963154320232252
pitcher_00348,389,0.20822622107969152,0.20961068653729803
pitcher_00766,141,0.20567375886524822,0.20950593845601306
pitcher_00882,165,0.20606060606060606,0.2093513054933871
pitcher_00889,380,0.20789473684210527,0.2093247795561487
pitcher_00192,17,0.17647058823529413,0.208880457077746
pitcher_00859,17,0.17647058823529413,0.208880457077746
pitcher_01111,17,0.17647058823529413,0.208880457077746
pitcher_00881,17,0.17647058823529413,0.208880457077746
pitcher_00037,673,0.20802377414561665,0.20884338460654345
pitcher_00944,199,0.20603015075376885,0.20880525561002827
pitcher_00503,348,0.20689655172413793,0.20849844895894243
pitcher_00376,209,0.20574162679425836,0.20841563499046512
pitcher_00832,233,0.20600858369098712,0.20840773389316553
pitcher_00352,214,0.205607476635514,0.2082334749402934
pitcher_00853,344,0.2063953488372093,0.20803859240701225
pitcher_00773,123,0.2032520325203252,0.20787093661232348
pitcher_00999,301,0.2059800664451827,0.20786770789812958
pitcher_00366,22,0.18181818181818182,0.20774180925679225
pitcher_00062,22,0.18181818181818182,0.20774180925679225
pitcher_00880,152,0.20394736842105263,0.20770373014487684
pitcher_00381,205,0.2048780487804878,0.20766635239198522
pitcher_00941,210,0.20476190476190476,0.20749748675120522
pitcher_01000,943,0.2067868504772004,0.20739784276745032
pitcher_00916,215,0.20465116279069767,0.20733589993904666
pitcher_00031,408,0.20588235294117646,0.20729865558347937
pitcher_00292,1605,0.20685358255451713,0.2072145057058986
pitcher_00757,220,0.20454545454545456,0.20718113126165272
pitcher_00023,56,0.19642857142857142,0.20687570922349138
pitcher_00227,772,0.20595854922279794,0.2067198049321944
pitcher_00523,893,0.20604703247480402,0.20670541321820038
pitcher_00627,119,0.20168067226890757,0.20663180666661848
pitcher_00958,642,0.205607476635514,0.20652795941199809
pitcher_00202,61,0.19672131147540983,0.20643493391897427
pitcher_00244,547,0.20475319926873858,0.20585447217581007
pitcher_00860,105,0.2,0.2057534579130572
pitcher_01051,310,0.2032258064516129,0.20520464668283328
pitcher_00460,42,0.19047619047619047,0.20511727259618526
pitcher_00273,42,0.19047619047619047,0.20511727259618526
pitcher_00375,3,0.0,0.20509594949614965
pitcher_00607,3,0.0,0.20509594949614965
pitcher_00353,3,0.0,0.20509594949614965
pitcher_01114,1105,0.20452488687782805,0.2050819241787757
pitcher_00978,125,0.2,0.2049430867705009
pitcher_00230,86,0.19767441860465115,0.20487299043553453
pitcher_00081,781,0.20358514724711907,0.20438836578378394
pitcher_00447,52,0.19230769230769232,0.20437559187819865
pitcher_00520,52,0.19230769230769232,0.20437559187819865
pitcher_00041,385,0.2025974025974026,0.2042336199470457
pitcher_00265,57,0.19298245614035087,0.20407992630495486
pitcher_00947,8,0.125,0.20407658127751643
pitcher_01026,8,0.125,0.20407658127751643
pitcher_01062,8,0.125,0.20407658127751643
pitcher_00961,13,0.15384615384615385,0.20339705200548366
pitcher_00525,13,0.15384615384615385,0.20339705200548366
pitcher_00629,205,0.2,0.20316175914938023
pitcher_00354,18,0.16666666666666666,0.202911698216438
pitcher_00042,156,0.1987179487179487,0.20290121035669917
pitcher_00329,92,0.1956521739130435,0.20276980566090932
pitcher_01116,97,0.1958762886597938,0.20264831829596985
pitcher_00646,612,0.20098039215686275,0.20206980247333467
pitcher_00116,33,0.18181818181818182,0.2020381123427522
pitcher_00445,647,0.2009273570324575,0.2019607007207752
pitcher_00824,43,0.18604651162790697,0.20169840219148644
pitcher_00819,1116,0.2007168458781362,0.20132559797097183
pitcher_00670,212,0.19811320754716982,0.201318351394846
pitcher_00510,302,0.1986754966887417,0.20094639762620958
pitcher_00426,725,0.2,0.2009459580065206
pitcher_00936,93,0.1935483870967742,0.2009263705016054
pitcher_00602,327,0.19877675840978593,0.20087761785455666
pitcher_00946,118,0.19491525423728814,0.20075481485122434
pitcher_00706,123,0.1951219512195122,0.20072785633584347
pitcher_01043,407,0.19901719901719903,0.20071202787215978
pitcher_00971,168,0.19642857142857142,0.20055080601474073
pitcher_00125,667,0.19940029985007496,0.20044137227213799
pitcher_00990,253,0.1976284584980237,0.20037740131251594
pitcher_00396,957,0.19958202716823406,0.20030995693986242
pitcher_00436,454,0.19823788546255505,0.19979171081314087
pitcher_00016,329,0.19756838905775076,0.1997164608783241
pitcher_00362,269,0.1970260223048327,0.1996569762369126
pitcher_00205,780,0.1987179487179487,0.19962596620845846
pitcher_00874,224,0.19642857142857142,0.1995929249943686
pitcher_01074,134,0.19402985074626866,0.19935029048035488
pitcher_00678,275,0.19636363636363635,0.19897908301074826
pitcher_00114,270,0.1962962962962963,0.19896129672945667
pitcher_00665,230,0.1956521739130435,0.19879308269516838
pitcher_00906,220,0.19545454545454546,0.19874215697465838
pitcher_00778,1217,0.19802793755135578,0.19862389844879746
pitcher_00464,1202,0.19800332778702162,0.19860696522704047
pitcher_00758,34,0.17647058823529413,0.19807624099520402
pitcher_00496,29,0.1724137931034483,0.19786711687383843
pitcher_00744,29,0.1724137931034483,0.19786711687383843
pitcher_00911,19,0.15789473684210525,0.19727457735705364
pitcher_00106,882,0.1961451247165533,0.19699875815196738
pitcher_00144,654,0.19571865443425077,0.19687314907495485
pitcher_00837,14,0.14285714285714285,0.19683493103730393
pitcher_00405,14,0.14285714285714285,0.19683493103730393
pitcher_00077,14,0.14285714285714285,0.19683493103730393
pitcher_00796,75,0.18666666666666668,0.19675959274653046
pitcher_00340,670,0.19552238805970149,0.1966548501813857
pitcher_00814,426,0.19483568075117372,0.19661824359937036
pitcher_00331,594,0.19528619528619529,0.19656609113984227
pitcher_00284,9,0.1111111111111111,0.19622616153213324
pitcher_00579,9,0.1111111111111111,0.19622616153213324
pitcher_00501,9,0.1111111111111111,0.19622616153213324
pitcher_00490,9,0.1111111111111111,0.19622616153213324
pitcher_00550,55,0.18181818181818182,0.19585942494434447
pitcher_01005,91,0.18681318681318682,0.19538774567783493
pitcher_01079,4,0.0,0.1953274414037405
pitcher_00735,4,0.0,0.1953274414037405
pitcher_00433,4,0.0,0.1953274414037405
pitcher_00568,4,0.0,0.1953274414037405
pitcher_01036,173,0.1907514450867052,0.1952730317448934
pitcher_00377,574,0.19337979094076654,0.19475782365207997
pitcher_00686,446,0.19282511210762332,0.19460447755454316
pitcher_00785,313,0.19169329073482427,0.19424809560361989
pitcher_00498,138,0.18840579710144928,0.19420562169963995
pitcher_00129,241,0.1908713692946058,0.19419329964944335
pitcher_00048,427,0.1920374707259953,0.1939231309189915
pitcher_00333,97,0.18556701030927836,0.19387605194861932
pitcher_00026,1207,0.19304059652029826,0.1937106774500925
pitcher_00156,82,0.18292682926829268,0.1929481400416343
pitcher_00448,476,0.19117647058823528,0.19290439284544209
pitcher_00412,51,0.17647058823529413,0.1926744804019252
pitcher_00544,207,0.18840579710144928,0.19241903370620705
pitcher_00787,176,0.1875,0.19223763086458304
pitcher_00610,270,0.18888888888888888,0.19199254942527588
pitcher_00457,1006,0.1908548707753479,0.19169292314242797
pitcher_00851,276,0.18840579710144928,0.19147392292475782
pitcher_00075,109,0.1834862385321101,0.1912845919758439
pitcher_00637,62,0.1774193548387097,0.19116276020445053
pitcher_01113,287,0.18815331010452963,0.19112453252951045
pitcher_00528,214,0.18691588785046728,0.1909171297919499
pitcher_00166,838,0.18973747016706444,0.1907624050354215
pitcher_00025,15,0.13333333333333333,0.1906829986880937
pitcher_00982,36,0.16666666666666666,0.1906010490496243
pitcher_00459,36,0.16666666666666666,0.1906010490496243
pitcher_00555,710,0.18873239436619718,0.18996128308356652
pitcher_00711,137,0.18248175182481752,0.18897304207724586
pitcher_00472,10,0.1,0.18895734856532226
pitcher_00576,333,0.18618618618618618,0.18886242284607635
pitcher_00035,307,0.18566775244299674,0.18858594687351612
pitcher_00277,498,0.18674698795180722,0.1885472749862061
pitcher_00200,366,0.18579234972677597,0.1882554708661993
pitcher_00569,313,0.1853035143769968,0.1881874092245501
pitcher_00326,782,0.1867007672634271,0.18786213219220677
pitcher_00553,170,0.18235294117647058,0.18771039014953164
pitcher_00089,101,0.1782178217821782,0.1873037388098413
pitcher_00010,368,0.18478260869565216,0.18727750925935593
pitcher_00256,395,0.1848101265822785,0.18714038947861292
pitcher_00718,363,0.18457300275482094,0.18711010613881823
pitcher_00930,37,0.16216216216216217,0.1870711141153295
pitcher_00812,315,0.18412698412698414,0.18705373519947255
pitcher_00781,21,0.14285714285714285,0.18689050979984526
pitcher_00939,171,0.18128654970760233,0.18671190740061377
pitcher_00439,246,0.18292682926829268,0.18669900583609583
pitcher_01122,273,0.18315018315018314,0.18655806178794854
pitcher_00770,316,0.18354430379746836,0.18649200489375264
pitcher_01108,5,0.0,0.1864471560674113
pitcher_00305,5,0.0,0.1864471560674113
pitcher_00585,5,0.0,0.1864471560674113
pitcher_00912,5,0.0,0.1864471560674113
pitcher_00917,5,0.0,0.1864471560674113
pitcher_00487,5,0.0,0.1864471560674113
pitcher_00664,241,0.1825726141078838,0.1864412302618908
pitcher_00263,48,0.16666666666666666,0.18618209652773585
pitcher_00565,301,0.18272425249169436,0.1858548265504994
pitcher_00444,32,0.15625,0.18575172228887243
pitcher_01105,264,0.18181818181818182,0.18541577552656474
pitcher_00359,313,0.18210862619808307,0.18515706603501522
pitcher_00693,286,0.18181818181818182,0.1851545603320029
pitcher_00621,43,0.16279069767441862,0.1850305206356043
pitcher_00020,1081,0.18408880666049954,0.18497434516617947
pitcher_00220,81,0.1728395061728395,0.184712549464883
pitcher_00187,81,0.1728395061728395,0.184712549464883
pitcher_01031,157,0.17834394904458598,0.18449326947462766
pitcher_00720,92,0.17391304347826086,0.18442044559730122
pitcher_00534,244,0.18032786885245902,0.18429819170672432
pitcher_00113,27,0.14814814814814814,0.18413243887661623
pitcher_00589,98,0.17346938775510204,0.18349412625260655
pitcher_00981,169,0.17751479289940827,0.18334313902548371
pitcher_00185,529,0.18147448015122875,0.18333667368217071
pitcher_00750,60,0.16666666666666666,0.18314055808826396
pitcher_00571,142,0.176056338028169,0.1830303301304298
pitcher_00813,104,0.17307692307692307,0.1826596766096349
pitcher_00011,482,0.18049792531120332,0.18256877850148842
pitcher_00800,1173,0.1815856777493606,0.18243850411976137
pitcher_01046,159,0.1761006289308176,0.182396702952885
pitcher_00103,1168,0.1815068493150685,0.18236440470755985
pitcher_00147,11,0.09090909090909091,0.18220781763067523
pitcher_00347,11,0.09090909090909091,0.18220781763067523
pitcher_00667,22,0.13636363636363635,0.18209790802546577
pitcher_00050,55,0.16363636363636364,0.18196969239263883
pitcher_00522,336,0.17857142857142858,0.181591547304631
pitcher_01014,811,0.18002466091245375,0.1812823850802911
pitcher_00746,127,0.1732283464566929,0.1812626024997654
pitcher_00070,83,0.1686746987951807,0.1810181369084915
pitcher_00252,989,0.17997977755308392,0.181015719364092
pitcher_00076,282,0.1773049645390071,0.18094251959917493
pitcher_00153,61,0.16393442622950818,0.18079247056341663
pitcher_00072,565,0.17876106194690267,0.18058730550979687
pitcher_00148,28,0.14285714285714285,0.18004020920211405
pitcher_00697,434,0.1774193548387097,0.1798266263415454
pitcher_00423,17,0.11764705882352941,0.17946490876893756
pitcher_00285,201,0.17412935323383086,0.17936608470623094
pitcher_00771,123,0.17073170731707318,0.17929861550640344
pitcher_00067,252,0.1746031746031746,0.17881711548386953
pitcher_00095,6,0.0,0.17833921631186414
pitcher_00140,6,0.0,0.17833921631186414
pitcher_00639,6,0.0,0.17833921631186414
pitcher_00561,6,0.0,0.17833921631186414
pitcher_00223,6,0.0,0.17833921631186414
pitcher_00417,51,0.1568627450980392,0.1779676522090901
pitcher_00176,113,0.168141592920354,0.17770614774296345
pitcher_00044,23,0.13043478260869565,0.1775449625419212
pitcher_00180,446,0.17488789237668162,0.17732569663664174
pitcher_01098,306,0.17320261437908496,0.17678574359565943
pitcher_01131,148,0.16891891891891891,0.17637450535113347
pitcher_00143,114,0.16666666666666666,0.17634956697614096
pitcher_00270,324,0.1728395061728395,0.17625159192199966
pitcher_00149,29,0.13793103448275862,0.17612591947393008
pitcher_00601,319,0.1724137931034483,0.17589818839246565
pitcher_00951,75,0.16,0.17501942887831462
pitcher_00823,81,0.16049382716049382,0.17450801245139275
pitcher_00253,18,0.1111111111111111,0.17433669917243266
pitcher_00891,41,0.14634146341463414,0.17416868510796885
pitcher_00542,360,0.16944444444444445,0.17268375926329482
pitcher_00651,140,0.16428571428571428,0.1726227832840571
pitcher_00162,181,0.16574585635359115,0.1722311881971771
pitcher_01054,152,0.16447368421052633,0.17219985281658345
pitcher_00937,129,0.16279069767441862,0.17192995853204573
pitcher_00708,36,0.1388888888888889,0.1717315675105418
pitcher_00369,36,0.1388888888888889,0.1717315675105418
pitcher_01067,964,0.17012448132780084,0.17135756518087758
pitcher_00852,153,0.16339869281045752,0.17118688644714478
pitcher_00855,153,0.16339869281045752,0.17118688644714478
pitcher_00032,7,0.0,0.17090706134418404
pitcher_00552,7,0.0,0.17090706134418404
pitcher_00784,7,0.0,0.17090706134418404
pitcher_00650,13,0.07692307692307693,0.17005885876103313
pitcher_00669,13,0.07692307692307693,0.17005885876103313
pitcher_01091,113,0.1592920353982301,0.17001358126784405
pitcher_00737,909,0.16831683168316833,0.16965633261605886
pitcher_00015,19,0.10526315789473684,0.16949342472300755
pitcher_00296,19,0.10526315789473684,0.16949342472300755
pitcher_00051,19,0.10526315789473684,0.16949342472300755
pitcher_00980,25,0.12,0.16908956009081394
pitcher_00363,31,0.12903225806451613,0.16878667081653867
pitcher_00431,357,0.16526610644257703,0.1687212831904687
pitcher_00992,43,0.13953488372093023,0.16836263907972213
pitcher_00518,67,0.14925373134328357,0.16787805030404485
pitcher_00748,354,0.1638418079096045,0.16739017275448376
pitcher_01080,577,0.16464471403812825,0.16683796578612198
pitcher_00374,236,0.16101694915254236,0.16641007828333426
pitcher_00380,249,0.1606425702811245,0.16579604180574686
pitcher_01070,44,0.13636363636363635,0.16560239792572606
pitcher_00033,44,0.13636363636363635,0.16560239792572606
pitcher_00620,159,0.15723270440251572,0.16535082484812033
pitcher_00835,14,0.07142857142857142,0.16457231511697676
pitcher_01008,172,0.1569767441860465,0.16455947996028844
pitcher_01024,8,0.0,0.16406958280143583
pitcher_00783,8,0.0,0.16406958280143583
pitcher_00740,8,0.0,0.16406958280143583
pitcher_00022,8,0.0,0.16406958280143583
pitcher_00521,8,0.0,0.16406958280143583
pitcher_00656,8,0.0,0.16406958280143583
pitcher_00887,112,0.15178571428571427,0.16357935989265643
pitcher_00959,51,0.13725490196078433,0.16326082401625502
pitcher_00254,254,0.15748031496062992,0.16273702487964503
pitcher_00500,995,0.16080402010050251,0.16215586087034534
pitcher_00278,126,0.15079365079365079,0.16155054932581223
pitcher_00060,27,0.1111111111111111,0.1614029069979445
pitcher_00132,332,0.1566265060240964,0.1607499285164764
pitcher_00546,77,0.14285714285714285,0.1606566451520826
pitcher_00346,165,0.15151515151515152,0.15989956776583825
pitcher_00524,115,0.14782608695652175,0.15986152399247272
pitcher_00322,90,0.14444444444444443,0.15982916846267786
pitcher_00159,65,0.13846153846153847,0.15977708289904458
pitcher_00923,78,0.14102564102564102,0.15896544471788088
pitcher_00221,224,0.15178571428571427,0.15809839608444048
pitcher_00631,28,0.10714285714285714,0.15781582712436237
pitcher_00111,9,0.0,0.15775815262959436
pitcher_00984,9,0.0,0.15775815262959436
pitcher_00169,250,0.152,0.15768431327883564
pitcher_00671,41,0.12195121951219512,0.1569260056751005
pitcher_00963,80,0.1375,0.15568765890222364
pitcher_00932,1410,0.15460992907801419,0.1556423985392988
pitcher_00367,16,0.0625,0.15459691343568932
pitcher_00173,16,0.0625,0.15459691343568932
pitcher_01047,16,0.0625,0.15459691343568932
pitcher_00195,224,0.14732142857142858,0.1539489431934477
pitcher_00914,56,0.125,0.1520779058499483
pitcher_00960,10,0.0,0.15191431154081908
pitcher_00228,10,0.0,0.15191431154081908
pitcher_00898,30,0.1,0.15109963508067864
pitcher_00877,165,0.1393939393939394,0.14891029271527187
pitcher_00109,24,0.08333333333333333,0.14882128987670562
pitcher_00681,348,0.14367816091954022,0.14822375416918504
pitcher_00526,31,0.0967741935483871,0.14795143918421277
pitcher_00515,11,0.0,0.14648795287869004
pitcher_00994,59,0.11864406779661017,0.1460744851630558
pitcher_00831,18,0.05555555555555555,0.14576170012842732
pitcher_00400,25,0.08,0.1452775568380864
pitcher_00029,32,0.09375,0.14493175254897595
pitcher_00137,78,0.11538461538461539,0.13791184394586453
pitcher_01038,296,0.13175675675675674,0.13770486987124936
pitcher_01061,13,0.0,0.1367206655165826
pitcher_00809,13,0.0,0.1367206655165826
pitcher_00919,94,0.11702127659574468,0.13605060392008014
pitcher_00513,58,0.10344827586206896,0.1346881476896407
pitcher_00337,128,0.1171875,0.1317351597411921
pitcher_00698,30,0.06666666666666667,0.12982105939513855
pitcher_00492,15,0.0,0.12817445595342725
pitcher_00654,23,0.043478260869565216,0.1275394953411902
pitcher_00411,31,0.06451612903225806,0.1271162075518869
pitcher_00687,56,0.08928571428571429,0.12467900416317677
pitcher_01081,16,0.0,0.12428986673042487
pitcher_00104,67,0.08955223880597014,0.12025652337088716
pitcher_00090,167,0.10778443113772455,0.12011710518173595
pitcher_00486,18,0.0,0.11718670108442199
pitcher_00549,27,0.037037037037037035,0.11594384324060103
pitcher_00760,22,0.0,0.10516620433148641
