,0
VertApprAngle,0.5321894
HorzApprAngle,0.17164293
VertRelAngle,0.15596601
pfxz,0.12512162
RelHeight,0.12182812
VertBreak,0.10779025
pfxx,0.088946156
RelSide,0.08633944
InducedVertBreak,0.08247458
HorzRelAngle,0.06171291
HorzBreak,0.059507366
RelSpeed,0.038115647
SpeedDrop,0.033251166
EffectiveVelo,0.030177433
SpinRate,0.027962994
AutoPitchType_Sinker,0.026941223
BatterSide_Right,0.02541546
BatterSide_Left,0.022801794
Extension,0.020404566
SpinAxis,0.017681668
AutoPitchType_Four-Seam,0.011256418
AutoPitchType_Changeup,0.0075941277
AutoPitchType_Cutter,0.0062604295
AutoPitchType_Slider,0.005279143
AutoPitchType_Curveball,0.0026681048
AutoPitchType_Splitter,0.00075434847
BatterSide_Unknown,0.00067245524
PitcherThrows_Right,0.0006009964
PitcherThrows_Left,0.00045830235
BatterSide_Undefined,0.00020179396
PitcherThrows_Unknown,0.00018852248
PitcherThrows_Undefined,8.573557e-05
AutoPitchType_Sweeper,6.106617e-05
AutoPitchType_Knuckleball,0.0
AutoPitchType_TwoSeamFastBall,0.0
AutoPitchType_OneSeamFastBall,0.0
AutoPitchType_Other,0.0
BatterSide_Switch,0.0
